timestamp,price,market_cap,volume,hour_key
2025-02-08 08:03:49.795000,95952.52432602612,1.902203504065374E12,5.423077797119762E10,2025020808
2025-02-08 09:04:00.625000,96223.7407871112,1.9085544598812783E12,4.887796171368644E10,2025020809
2025-02-08 10:03:47.457000,95905.61306579997,1.9019570381045386E12,4.983573521181784E10,2025020810
2025-02-08 11:02:34.123000,96095.3786132481,1.903857164426553E12,3.377901228134095E10,2025020811
2025-02-08 12:03:43.068000,96039.32910256689,1.9037600641795105E12,5.0214106922782135E10,2025020812
2025-02-08 13:04:08.355000,96003.7579365969,1.902611374172639E12,4.851961281770902E10,2025020813
2025-02-08 14:08:45.465000,96087.21179559056,1.9046051860765173E12,4.756929107740405E10,2025020814
2025-02-08 15:03:52.395000,96218.75936833651,1.908475267913714E12,4.566549392915969E10,2025020815
2025-02-08 16:03:56.703000,96072.01389415626,1.9043862149453662E12,3.928387948327032E10,2025020816
2025-02-08 17:03:51.360000,95836.79513855922,1.89842793586806E12,3.491877952204886E10,2025020817
2025-02-08 18:04:08.165000,96168.08067753738,1.9061879551652336E12,3.1875390298452736E10,2025020818
2025-02-08 19:03:56.480000,96355.02099871126,1.909239776753684E12,2.8794818586082424E10,2025020819
2025-02-08 20:04:24.996000,96518.94915955854,1.9131565436975225E12,3.0442540403465054E10,2025020820
2025-02-08 21:04:01.049000,96645.85029878837,1.9145635367528406E12,2.6942398096454567E10,2025020821
2025-02-08 22:04:11.842000,96484.13257174032,1.9127113210814639E12,2.5714366487092205E10,2025020822
2025-02-08 23:03:47.816000,96501.1504913647,1.9125769258410989E12,2.3107198698432243E10,2025020823
2025-02-09 00:03:50.607000,96487.0543625433,1.9125187047144302E12,1.7309338168577934E10,2025020900
2025-02-09 01:04:17.343000,96454.44602149501,1.9127427178716714E12,2.0932503231866684E10,2025020901
2025-02-09 02:03:49.419000,96569.42155748123,1.91414467800404E12,2.098166105998133E10,2025020902
2025-02-09 03:03:48.177000,97011.60027792904,1.919341614158239E12,2.2300055938266335E10,2025020903
2025-02-09 04:03:53.688000,96779.30602990102,1.918552782939359E12,2.2065219206383408E10,2025020904
2025-02-09 05:08:40.312000,97259.00138784561,1.9289914790281665E12,2.0585553113938736E10,2025020905
2025-02-09 06:03:52.099000,97267.4076648532,1.9282917992359827E12,2.3244550689437756E10,2025020906
2025-02-09 07:03:57.204000,97046.2789388488,1.9234274936834175E12,1.9864425680990257E10,2025020907
2025-02-09 08:03:49.412000,97028.92076912236,1.923312604412956E12,2.1122295067019207E10,2025020908
2025-02-09 09:04:08.033000,97117.2428080168,1.9242370688084802E12,1.8280665751130898E10,2025020909
2025-02-09 10:03:52.948000,97108.03391440804,1.9252880876975227E12,2.2060758822330208E10,2025020910
2025-02-09 11:03:54.094000,96890.28323028823,1.9214097307160417E12,2.1946827190285763E10,2025020911
2025-02-09 12:03:57.408000,96808.57964192933,1.9185467783729604E12,1.8838000900018387E10,2025020912
2025-02-09 13:05:50.891000,96603.27364795694,1.9153303937567566E12,2.2748791215609726E10,2025020913
2025-02-09 14:03:52.621000,96550.38390104315,1.9137122253252095E12,2.2870617866118927E10,2025020914
2025-02-09 15:03:56.421000,95906.49171654721,1.900675686548407E12,1.9310317195125618E10,2025020915
2025-02-09 16:04:06.468000,96162.13377205859,1.9061069267956362E12,2.372864090673392E10,2025020916
2025-02-09 17:01:09.843000,96498.54652003417,1.913813618179823E12,2.357992370393695E10,2025020917
2025-02-09 18:04:12.396000,96458.06093493411,1.9126611155052324E12,2.3429213696988644E10,2025020918
2025-02-09 19:08:51.218000,96125.10211989976,1.9043786569170105E12,2.3331648361121193E10,2025020919
2025-02-09 20:08:46.829000,96218.25827497702,1.9069282035401707E12,2.303670842272594E10,2025020920
2025-02-09 21:03:51.775000,96096.82739593633,1.9038286321071768E12,2.135646227122973E10,2025020921
2025-02-09 22:03:53.818000,96325.2632461819,1.9082163723696587E12,2.32090598725124E10,2025020922
2025-02-09 23:03:52.847000,95340.48294665758,1.8869817195808208E12,2.5510285898292694E10,2025020923
2025-02-10 00:03:03.213000,95841.1801230943,1.8996817980742817E12,2.519132992197537E10,2025021000
2025-02-10 01:04:12.806000,96519.99549282841,1.913864166395361E12,2.5697652234320942E10,2025021001
2025-02-10 02:04:09.496000,96766.93559529584,1.9178416139741616E12,2.5354766674198795E10,2025021002
2025-02-10 03:03:44.925000,95524.22026320195,1.892656435995069E12,2.541757536288839E10,2025021003
2025-02-10 04:00:37.956000,95821.87762306974,1.8991497683573105E12,2.7609000168191387E10,2025021004
2025-02-10 05:03:41.360000,96805.44643078477,1.9182692538180906E12,2.581005459826094E10,2025021005
2025-02-10 06:04:20.006000,96961.36839920148,1.9213583280802776E12,3.27749989648579E10,2025021006
2025-02-10 07:02:42.650000,97071.92621073166,1.9289304179842683E12,3.463242822722591E10,2025021007
2025-02-10 08:04:15.757000,97151.54613521088,1.9247904037714248E12,3.1070602337694397E10,2025021008
2025-02-10 09:07:13.748000,97464.14633368152,1.931287479605011E12,3.542557368277953E10,2025021009
2025-02-10 10:03:47.056000,97701.28028726348,1.9375603859648298E12,3.742736500818969E10,2025021010
2025-02-10 11:01:24.403000,97510.84742833716,1.9322258806532375E12,3.7704157728473434E10,2025021011
2025-02-10 12:04:29.824000,97730.66462298081,1.937412708361842E12,3.858308943212534E10,2025021012
2025-02-10 13:04:12.943000,97731.48183582605,1.9393410212921616E12,3.892130293518796E10,2025021013
2025-02-10 14:04:00.182000,97403.90940767614,1.9296572158599976E12,3.627059002748066E10,2025021014
2025-02-10 15:04:27.572000,98334.08502172824,1.9489865953166543E12,3.43010862444831E10,2025021015
2025-02-10 16:04:07.909000,97346.47301436782,1.929839505775869E12,4.058805564104282E10,2025021016
2025-02-10 17:03:57.314000,97251.75237452232,1.9277284670182703E12,3.550428377721286E10,2025021017
2025-02-10 18:04:17.780000,97303.13910111328,1.9294539707022773E12,3.315495594782968E10,2025021018
2025-02-10 19:04:02.921000,97523.71433146537,1.9332770991375505E12,3.532918933516302E10,2025021019
2025-02-10 20:08:43.736000,97585.55088034495,1.9343085011247957E12,4.235693458879209E10,2025021020
2025-02-10 21:04:33.853000,97367.3655911921,1.931178008597118E12,4.476426370892695E10,2025021021
2025-02-10 22:03:57.706000,97343.1682807978,1.9298849603199573E12,4.310432231041142E10,2025021022
2025-02-10 23:00:51.728000,97398.42007998587,1.9308279147417715E12,4.2778213423536804E10,2025021023
2025-02-11 00:03:51.098000,97390.4434974332,1.9306695265418044E12,4.0268514005312454E10,2025021100
2025-02-11 01:03:16.889000,97465.03795561657,1.9315244414755403E12,3.962481432233576E10,2025021101
2025-02-11 02:08:51.459000,97996.74379122132,1.9398230010709834E12,3.9637135442290306E10,2025021102
2025-02-11 03:04:00.545000,98062.17536313026,1.9441100524494038E12,3.767139634151483E10,2025021103
2025-02-11 04:02:11.821000,97840.1754897783,1.940230868576669E12,3.1399695755728317E10,2025021104
2025-02-11 05:04:07.829000,97607.9294183258,1.9347591126305676E12,3.570085961830299E10,2025021105
2025-02-11 06:04:12.556000,98044.67328804094,1.9441035392323955E12,3.3929758357091007E10,2025021106
2025-02-11 07:03:58.166000,98467.0013054058,1.9529387662770095E12,3.4397015197978745E10,2025021107
2025-02-11 08:04:26.923000,98423.6912281288,1.9516709984942393E12,3.1354307815116634E10,2025021108
2025-02-11 09:03:57.944000,98291.91112214026,1.9490240000081328E12,3.3464191867445045E10,2025021109
2025-02-11 10:04:08.177000,98271.14915988536,1.9471490390259956E12,3.238549903588515E10,2025021110
2025-02-11 11:04:11.776000,98047.45718678787,1.942685294381383E12,3.233581351128321E10,2025021111
2025-02-11 12:03:47.853000,98009.83713490752,1.942846650020973E12,2.8970624371076366E10,2025021112
2025-02-11 13:04:20.249000,98146.26604694665,1.9456903784625784E12,3.055925610071597E10,2025021113
2025-02-11 14:03:55.918000,97785.0383083442,1.9394121789024634E12,3.1028473737089172E10,2025021114
2025-02-11 15:04:06.434000,96938.19708318585,1.921592052061887E12,3.081409572390075E10,2025021115
2025-02-11 16:03:47.119000,96977.78556048905,1.9231601498972163E12,2.809528227018622E10,2025021116
2025-02-11 17:07:07.324000,96889.91975757855,1.9210266436361772E12,3.0570938831747387E10,2025021117
2025-02-11 18:04:19.151000,96315.37542059057,1.909508836545673E12,3.0683591187481007E10,2025021118
2025-02-11 19:04:19.864000,96084.83930864246,1.9043876736663862E12,2.990817278570353E10,2025021119
2025-02-11 20:07:04.093000,95551.77083156312,1.8924253192353171E12,2.838666786709025E10,2025021120
2025-02-11 21:02:59.012000,95017.42507160608,1.8837220676107273E12,3.11114182001038E10,2025021121
2025-02-11 22:04:08.503000,95303.46815226416,1.8887787567006545E12,3.463924925316455E10,2025021122
2025-02-11 23:04:19.586000,96328.03689038444,1.9067334675571008E12,3.524386606922306E10,2025021123
2025-02-12 00:04:23.283000,95561.70494164275,1.8920984657787751E12,3.6339421755373985E10,2025021200
2025-02-12 01:04:04.920000,95743.13972459143,1.8979622925828396E12,3.621727543185843E10,2025021201
2025-02-12 02:00:50.639000,96077.33083493997,1.9050646308478335E12,3.118847905754265E10,2025021202
2025-02-12 03:04:10.902000,96150.97841210228,1.905793039265278E12,3.0959230038088356E10,2025021203
2025-02-12 04:01:52.354000,95535.57535709743,1.8935127755018704E12,3.625003861373426E10,2025021204
2025-02-12 05:03:03.459000,95372.30093011959,1.8905680778790894E12,3.706867971848957E10,2025021205
2025-02-12 06:03:50.149000,95508.78766861194,1.8932849583686555E12,3.432462724621348E10,2025021206
2025-02-12 07:04:12.696000,95862.97586573691,1.8999759901347463E12,3.3132226397972836E10,2025021207
2025-02-12 08:04:09.592000,95809.99388128315,1.898857740169548E12,3.2932229525341328E10,2025021208
2025-02-12 09:01:43.765000,95946.08824913332,1.9018536328137815E12,3.0233887925408043E10,2025021209
2025-02-12 10:04:30.071000,96281.23094009243,1.909641072098612E12,3.6230486128091805E10,2025021210
2025-02-12 11:03:32.376000,96126.64137548784,1.906305859804048E12,3.642134627985789E10,2025021211
2025-02-12 12:04:04.437000,95982.41228195447,1.9025449092645798E12,3.062562508582217E10,2025021212
2025-02-12 13:04:06.062000,96108.54335491334,1.9041342210095205E12,3.3133583841205208E10,2025021213
2025-02-12 14:04:08.493000,95918.14912302299,1.9043623614063875E12,3.690787212808934E10,2025021214
2025-02-12 15:04:09.506000,94907.03940613412,1.8782541816266978E12,3.5169286210106224E10,2025021215
2025-02-12 16:04:15.421000,95383.62955535506,1.8908125807468967E12,3.90197810067105E10,2025021216
2025-02-12 17:03:50.406000,95853.86268315182,1.8990514637409355E12,4.638111155990415E10,2025021217
2025-02-12 18:04:26.154000,97131.40302480535,1.9221720875037979E12,3.969472140560746E10,2025021218
2025-02-12 19:04:16.791000,97372.92506928637,1.9283816401337407E12,5.01483035900775E10,2025021219
2025-02-12 20:04:00.157000,96927.40233152782,1.9234202403921614E12,4.9039647383004074E10,2025021220
2025-02-12 21:09:02.782000,97041.14442247873,1.9236763004769893E12,4.850024304526295E10,2025021221
2025-02-12 22:04:31.577000,96953.21159837977,1.9220257807995203E12,4.852925728885076E10,2025021222
2025-02-12 23:04:06.802000,97581.66121244403,1.934759858111789E12,4.479477446809467E10,2025021223
2025-02-13 00:04:30.772000,97917.74883920769,1.9395199168779893E12,4.842521397748271E10,2025021300
2025-02-13 01:04:19.716000,97886.93195784716,1.9403855924318413E12,5.036986007037656E10,2025021301
2025-02-13 02:04:02.071000,97822.8847791465,1.9374745390002166E12,5.04683331619236E10,2025021302
2025-02-13 03:04:21.301000,97984.76780314116,1.943575073008436E12,5.024288455782895E10,2025021303
2025-02-13 04:04:25.132000,97482.69236537757,1.9322986316943594E12,3.857806577912365E10,2025021304
2025-02-13 05:04:10.538000,97545.82090794371,1.93491778115713E12,4.60156177783396E10,2025021305
2025-02-13 06:04:07.599000,96884.50484747115,1.9202199204993586E12,4.576910440688777E10,2025021306
2025-02-13 07:04:33.632000,96702.94414130866,1.9164376392055273E12,4.6888575960023E10,2025021307
2025-02-13 08:03:40.197000,96045.87665482667,1.9042712634466538E12,4.800065368265004E10,2025021308
2025-02-13 09:04:12.989000,96036.93855574471,1.9038366995565654E12,4.822342832083907E10,2025021309
2025-02-13 10:04:17.948000,95893.42457979695,1.90073231008925E12,5.021765150255278E10,2025021310
2025-02-13 11:00:25.788000,96255.72778377474,1.9080503925775342E12,4.900180510299907E10,2025021311
2025-02-13 12:04:14.032000,96139.62356455375,1.9060104940281E12,5.12432224983022E10,2025021312
2025-02-13 13:04:00.551000,95946.82224702308,1.9004632886233372E12,5.1507770285089584E10,2025021313
2025-02-13 14:08:52.578000,95767.65830889478,1.8984524328369238E12,5.1259526084777016E10,2025021314
2025-02-13 15:04:22.419000,96113.53673267111,1.9053753768969307E12,4.5129686456497375E10,2025021315
2025-02-13 16:04:10.462000,95878.64612431273,1.9012866675284622E12,4.110685248317892E10,2025021316
2025-02-13 17:03:59.822000,95917.38358350989,1.9028620428789707E12,4.411018434751042E10,2025021317
2025-02-13 18:00:31.421000,95458.140300641,1.8934284381420635E12,4.386446774257989E10,2025021318
2025-02-13 19:04:14.750000,95637.78525555778,1.8957790454836616E12,4.059132796289098E10,2025021319
2025-02-13 20:03:54.469000,96003.14980785846,1.8986551334490159E12,4.038094689667321E10,2025021320
2025-02-13 21:09:06.939000,95782.51396129551,1.8980790638277324E12,4.0278854186601265E10,2025021321
2025-02-13 22:04:01.322000,96300.0609397171,1.9051210403720637E12,3.996500552261664E10,2025021322
2025-02-13 23:07:21.359000,96497.23557421484,1.913554681077215E12,3.87583158042621E10,2025021323
2025-02-14 00:01:45.959000,96374.20669516998,1.9105066381708984E12,3.78513332950051E10,2025021400
2025-02-14 01:08:26.474000,96666.70960779543,1.9162911123309202E12,3.708507016358575E10,2025021401
2025-02-14 02:04:18.947000,96828.89943203412,1.9185883438475007E12,3.454809206991561E10,2025021402
2025-02-14 03:03:59.693000,96532.5779782049,1.9152834606566287E12,3.6812567404516106E10,2025021403
2025-02-14 04:04:10.767000,96579.33951604052,1.914661522819106E12,3.669077475657478E10,2025021404
2025-02-14 05:04:25.171000,97152.49941358573,1.925489923436099E12,3.1964977730714203E10,2025021405
2025-02-14 06:04:15.695000,96779.1732418888,1.9184190692763125E12,3.517466906443306E10,2025021406
2025-02-14 07:04:27.249000,96703.60390210796,1.9181702793733997E12,3.602843902626637E10,2025021407
2025-02-14 08:00:19.209000,96772.32613035057,1.918266051736034E12,3.1995644605267014E10,2025021408
2025-02-14 09:04:14.366000,97004.55038734362,1.92299660701055E12,3.1237979211523098E10,2025021409
2025-02-14 10:04:20.803000,96886.55281117093,1.9207766718673066E12,2.7729957440069016E10,2025021410
2025-02-14 11:04:13.742000,97140.50472343343,1.9260777597572002E12,3.0437066846788654E10,2025021411
2025-02-14 12:04:14.630000,97031.12535349325,1.9236090942723853E12,2.720625731040074E10,2025021412
2025-02-14 13:04:09.226000,96901.61280060273,1.921086597210414E12,2.391746425435174E10,2025021413
2025-02-14 14:03:35.410000,96674.16542518875,1.916222634187073E12,2.881803081368744E10,2025021414
2025-02-14 15:04:16.536000,96817.72457029505,1.9192879605094197E12,2.8270830592701797E10,2025021415
2025-02-14 16:04:08.030000,97324.06933798644,1.9321204961063623E12,2.6735585631783546E10,2025021416
2025-02-14 17:04:00.368000,96961.0929667185,1.923385859338715E12,2.8260000993916294E10,2025021417
2025-02-14 18:04:14.298000,97772.85353304356,1.9310540565109712E12,2.8104120691318405E10,2025021418
2025-02-14 19:04:18.324000,98623.62137807804,1.960037722109873E12,2.8686787184564198E10,2025021419
2025-02-14 20:03:35.581000,98214.29854725617,1.9492931254433538E12,3.1122854291139046E10,2025021420
2025-02-14 21:04:27.377000,97961.4270398272,1.9405529973488313E12,3.1223824020313194E10,2025021421
2025-02-14 22:08:51.836000,97314.71761687646,1.9291976161730083E12,3.1591482716704964E10,2025021422
2025-02-14 23:04:21.801000,97381.31607548901,1.9308496336158767E12,2.792356176557988E10,2025021423
2025-02-15 00:04:09.783000,97190.84281503958,1.9227982356606257E12,3.231509238424408E10,2025021500
2025-02-15 01:04:07.449000,97525.56432832252,1.9327104816268657E12,3.1912421268459515E10,2025021501
2025-02-15 02:02:44.761000,97465.74346570221,1.9320907666914253E12,2.9560439983607162E10,2025021502
2025-02-15 03:04:21.757000,97811.65069075664,1.9388956020921755E12,2.8339767693128605E10,2025021503
2025-02-15 04:01:10.495000,97810.11853984169,1.9393336197204875E12,2.677007595868243E10,2025021504
2025-02-15 05:03:51.511000,97680.37583137362,1.9365892262006543E12,3.118143199282566E10,2025021505
2025-02-15 06:09:01.276000,97555.50423518383,1.933872062051384E12,3.1506600889880848E10,2025021506
2025-02-15 07:04:11.294000,97596.36340969727,1.9347850342078958E12,3.0991380767134174E10,2025021507
2025-02-15 08:09:24.932000,97534.03412413939,1.9332088985479583E12,3.0657111559625156E10,2025021508
2025-02-15 09:03:58.198000,97401.87016895857,1.9307836023945403E12,3.0480921112481415E10,2025021509
2025-02-15 10:04:11.383000,97504.16571792305,1.9329927699010574E12,2.7645983741152985E10,2025021510
2025-02-15 11:09:13.164000,97524.57452619587,1.934613072388061E12,2.7636800510861076E10,2025021511
2025-02-15 12:00:59.437000,97726.54687428048,1.9375293521363333E12,3.000110515615559E10,2025021512
2025-02-15 13:04:18.755000,97599.45342665966,1.9352695297333914E12,2.712384601864413E10,2025021513
2025-02-15 14:01:43.979000,97755.57301650841,1.9391310477734749E12,2.9536528258406834E10,2025021514
2025-02-15 15:04:00.850000,97743.06912727187,1.9382716673362485E12,2.9356263682872425E10,2025021515
2025-02-15 16:04:20.336000,97643.02998914919,1.935916839024311E12,2.8095022918428986E10,2025021516
2025-02-15 17:09:10.344000,97690.30146549319,1.9361110499820647E12,2.6029707857059334E10,2025021517
2025-02-15 18:03:55.009000,97533.1040216401,1.9336395994181707E12,2.376965865607321E10,2025021518
2025-02-15 19:00:40.667000,97422.02899712167,1.9302701523401396E12,2.2005571844832317E10,2025021519
2025-02-15 20:00:33.236000,97595.31113086389,1.9342824702821035E12,1.9792572380666374E10,2025021520
2025-02-15 21:04:19.773000,97588.83350317659,1.9342218191140845E12,1.8118512648267227E10,2025021521
2025-02-15 22:04:15.188000,97552.17038179221,1.9337217897614375E12,1.5692094770918232E10,2025021522
2025-02-15 23:04:16.328000,97709.33332248866,1.9361075524087493E12,1.426059961737751E10,2025021523
2025-02-16 00:03:30.801000,97545.4160810322,1.9324709896786975E12,1.4680927133062716E10,2025021600
2025-02-16 01:08:58.860000,97651.63779310409,1.9345609082059382E12,1.5095114124185019E10,2025021601
2025-02-16 02:03:17.474000,97619.7866463706,1.9350706963486086E12,1.2776086201377264E10,2025021602
2025-02-16 03:03:35.776000,97670.43504008041,1.9360363020678853E12,1.4091643924901743E10,2025021603
2025-02-16 04:00:38.025000,97548.37442069995,1.9327061971331206E12,1.3942868864138897E10,2025021604
2025-02-16 05:03:56.282000,97557.1527649986,1.9340662610513755E12,1.2238542322116524E10,2025021605
2025-02-16 06:03:59.283000,97540.4302583713,1.9335526371798743E12,1.3736480703217913E10,2025021606
2025-02-16 07:03:58.157000,97602.86236725133,1.9349754775935469E12,1.0715510918722769E10,2025021607
2025-02-16 08:01:12.853000,97485.10316361366,1.9326108966751892E12,1.2600689292045734E10,2025021608
2025-02-16 09:04:05.580000,97230.9985896581,1.927644281705479E12,1.3706217334425184E10,2025021609
2025-02-16 10:07:02.379000,97125.39953728911,1.925261762168948E12,1.332880410356002E10,2025021610
2025-02-16 11:02:25.441000,97374.59042056215,1.930462012319886E12,1.239334806012913E10,2025021611
2025-02-16 12:03:27.604000,97179.53603625878,1.92634497968066E12,1.3877564233397774E10,2025021612
2025-02-16 13:03:49.790000,97336.20781895904,1.9295867584514583E12,1.3857363674724987E10,2025021613
2025-02-16 14:03:56.263000,97102.97273794797,1.9248827027503103E12,1.2829087417170279E10,2025021614
2025-02-16 15:03:53.782000,96820.88754034557,1.9194644234634524E12,1.3578576794291811E10,2025021615
2025-02-16 16:04:03.853000,96973.53423641954,1.922464136347678E12,1.2959969976900866E10,2025021616
2025-02-16 17:04:02.746000,96965.21530590902,1.9226415218827048E12,7.168382996288533E9,2025021617
2025-02-16 18:04:15.153000,97074.7553724119,1.924113707742574E12,1.092244303937593E10,2025021618
2025-02-16 19:04:16.263000,96972.41824936462,1.9222443729610127E12,1.1505586027095198E10,2025021619
2025-02-16 20:02:37.915000,96911.18680524954,1.9213343430848335E12,1.2396441857152328E10,2025021620
2025-02-16 21:01:05.214000,97057.54396616183,1.924111890476385E12,1.2927994608219841E10,2025021621
2025-02-16 22:03:54.909000,96915.58776734979,1.921260839511104E12,1.3000447198650002E10,2025021622
2025-02-16 23:04:18.072000,97161.8859953998,1.9258061429433308E12,1.3875641367773146E10,2025021623
2025-02-17 00:03:42.553000,96889.88885007307,1.9205265488475732E12,1.2394650067541912E10,2025021700
2025-02-17 01:04:01.303000,96122.86600485025,1.9067884278780713E12,1.3845334001297956E10,2025021701
2025-02-17 02:04:16.994000,96306.8893048766,1.9083270006101235E12,1.5601263595978914E10,2025021702
2025-02-17 03:01:57.801000,96529.14863264606,1.913768847155041E12,1.5852849154007685E10,2025021703
2025-02-17 04:00:53.065000,96203.28295054514,1.9070465133534182E12,1.4341275565190908E10,2025021704
2025-02-17 05:06:49.888000,96185.61060460084,1.9072827652625117E12,1.4611204827422426E10,2025021705
2025-02-17 06:04:01.732000,96124.05481404,1.9047362097408848E12,1.6653673921216747E10,2025021706
2025-02-17 07:03:47.584000,96258.4683507194,1.9089620072111396E12,1.7244873622953552E10,2025021707
2025-02-17 08:04:03.554000,96363.60291349764,1.9107302686698745E12,1.6092845848025742E10,2025021708
2025-02-17 09:04:02.845000,96103.04905731311,1.9049492877993076E12,1.894572614455995E10,2025021709
2025-02-17 10:04:09.644000,96125.59652377032,1.9061851687418647E12,1.7883275843384888E10,2025021710
2025-02-17 11:04:47.383000,96162.96642649428,1.9064768772232117E12,1.9162630577355244E10,2025021711
2025-02-17 12:04:12.831000,96115.17848679269,1.9056596218229775E12,1.8040777708302776E10,2025021712
2025-02-17 13:04:09.411000,96070.76836745605,1.9038997796651394E12,1.8358807044562477E10,2025021713
2025-02-17 14:03:56.823000,96472.19885359015,1.912876176830333E12,2.0089843574081627E10,2025021714
2025-02-17 15:09:01.694000,96469.90302563595,1.912032013556917E12,2.0941631880295856E10,2025021715
2025-02-17 16:03:19.163000,96825.39185696325,1.9193789855232766E12,2.235514276786915E10,2025021716
2025-02-17 17:03:59.096000,95601.77121160176,1.8977678945405125E12,2.2341237276249218E10,2025021717
2025-02-17 18:03:49.983000,95367.30839787448,1.8918384074502407E12,2.5396238657029022E10,2025021718
2025-02-17 19:04:08.444000,95473.9227113629,1.8955393971652664E12,2.693275583040105E10,2025021719
2025-02-17 20:04:17.506000,95305.81471590063,1.888827711528E12,2.5210154267500793E10,2025021720
2025-02-17 21:04:24.419000,95517.3362841228,1.8942635605121018E12,2.6369026448230213E10,2025021721
2025-02-17 22:04:25.810000,96001.22510228083,1.9032980524491328E12,2.592256851433841E10,2025021722
2025-02-17 23:04:28.726000,96394.20010452533,1.911097928188221E12,2.8668565900603367E10,2025021723
2025-02-18 00:03:53.370000,95910.6343997475,1.902326086653527E12,2.662055271317731E10,2025021800
2025-02-18 01:04:13.462000,95784.62953852078,1.8986049990794915E12,2.5289167088713013E10,2025021801
2025-02-18 02:04:27.335000,95657.12403089936,1.8954828374260618E12,2.695318513193754E10,2025021802
2025-02-18 03:04:14.216000,96283.17216937791,1.9084906500858066E12,2.4508238057184044E10,2025021803
2025-02-18 04:04:04.967000,96049.47160409925,1.904046037424449E12,2.6096614359668068E10,2025021804
2025-02-18 05:03:52.652000,96188.68435164474,1.907104377569762E12,2.5045459000283855E10,2025021805
2025-02-18 06:04:58.619000,96057.16749618895,1.9042459635307961E12,2.2429739812983974E10,2025021806
2025-02-18 07:04:36.443000,95607.02526683104,1.8959567012004434E12,2.6040128292972603E10,2025021807
2025-02-18 08:05:29.280000,95364.76732236886,1.8892418137039863E12,2.530086082696148E10,2025021808
2025-02-18 09:09:27.434000,95318.63732379173,1.8927459540337168E12,2.7526363005884895E10,2025021809
2025-02-18 10:04:26.644000,95189.2521445793,1.8870329553069792E12,2.617742805982858E10,2025021810
2025-02-18 11:00:45.871000,95719.26020920448,1.897493799338512E12,2.488639442979508E10,2025021811
2025-02-18 12:06:02.748000,95713.43307222998,1.897630585725563E12,2.639632033818101E10,2025021812
2025-02-18 13:00:37.611000,95626.63610131448,1.8961929487013086E12,2.7449839956989994E10,2025021813
2025-02-18 14:04:36.561000,96171.78850952118,1.9063234414067812E12,2.6673694929554764E10,2025021814
2025-02-18 15:04:52.860000,96130.53749194527,1.906133360819651E12,2.5030894362224125E10,2025021815
2025-02-18 16:04:52.776000,95503.68783507988,1.8968985622900122E12,2.923598651858622E10,2025021816
2025-02-18 17:07:39.716000,95429.11009120086,1.8945338185713313E12,2.5685879102903564E10,2025021817
2025-02-18 18:04:41.400000,94580.67364083909,1.8785860172303213E12,2.681778309364636E10,2025021818
2025-02-18 19:04:52.675000,94035.03488149004,1.8646009188669185E12,2.966393009604931E10,2025021819
2025-02-18 20:04:43.717000,93902.52254777655,1.861853420548082E12,3.2132410196123608E10,2025021820
2025-02-18 21:01:48.970000,94054.50815083837,1.864838907070936E12,3.4101140216555668E10,2025021821
2025-02-18 22:04:45.201000,94134.52184393156,1.8676438089935408E12,3.2986706955637634E10,2025021822
2025-02-18 23:02:04.924000,94953.73212288553,1.8806902101038596E12,3.3505515646569016E10,2025021823
2025-02-19 00:05:35.383000,95259.61791981726,1.8883254893388987E12,3.4991516686618744E10,2025021900
2025-02-19 01:03:23.374000,95613.70786478418,1.8942759823329355E12,3.818998086172503E10,2025021901
2025-02-19 02:03:28.072000,95280.7459174621,1.8897931986869233E12,3.893686021742859E10,2025021902
2025-02-19 03:04:50.779000,95317.50472754847,1.889992401029912E12,3.487943042927512E10,2025021903
2025-02-19 04:04:27.107000,95727.74865208809,1.8983777958938975E12,3.854395979093307E10,2025021904
2025-02-19 05:09:39.896000,95665.49231937547,1.8975293539435144E12,3.649103191363244E10,2025021905
2025-02-19 06:04:21.217000,95176.94369782117,1.887937612780523E12,3.932974975040558E10,2025021906
2025-02-19 07:04:30.541000,95224.12571943826,1.8883904023962327E12,3.627456445540661E10,2025021907
2025-02-19 08:04:54.369000,95586.35220471295,1.8945378435097378E12,3.723391603778116E10,2025021908
2025-02-19 09:09:25.956000,95680.7581641533,1.8970655710112246E12,3.453985158789084E10,2025021909
2025-02-19 10:04:36.363000,95590.61583351126,1.895732341562598E12,3.8125459673794876E10,2025021910
2025-02-19 11:04:49.901000,95949.78606201638,1.9016489320184246E12,3.602024139591935E10,2025021911
2025-02-19 12:04:19.894000,96302.84963715746,1.909318107832998E12,3.770752887634131E10,2025021912
2025-02-19 13:06:38.418000,96414.46175112732,1.911482961269004E12,3.482559130741759E10,2025021913
2025-02-19 14:04:30.798000,96194.7062967688,1.9078436355666633E12,3.6226773685114914E10,2025021914
2025-02-19 15:04:39.998000,96235.09041058479,1.9096198256344277E12,3.838369251584453E10,2025021915
2025-02-19 16:04:21.303000,95728.44469201894,1.8993314252416099E12,3.773898418119528E10,2025021916
2025-02-19 17:00:33.141000,95946.65997661931,1.9024517299536853E12,3.627335483127524E10,2025021917
2025-02-19 18:04:53.114000,96051.7756014956,1.9049444417479736E12,3.626761966135819E10,2025021918
2025-02-19 19:04:53.124000,96386.72652871323,1.912032458712961E12,3.066070733355004E10,2025021919
2025-02-19 20:07:06.834000,95622.78488625766,1.8958382849368271E12,3.0138401759685772E10,2025021920
2025-02-19 21:04:39.239000,96157.47075255743,1.906808332047865E12,2.8773738346312393E10,2025021921
2025-02-19 22:04:44.679000,96137.40416742311,1.90652849478215E12,3.1141800823488235E10,2025021922
2025-02-19 23:05:34.349000,96423.82994264697,1.9098662913959446E12,2.748507380278284E10,2025021923
2025-02-20 00:03:42.693000,96540.84301900618,1.9138181701812195E12,2.3038836937136932E10,2025022000
2025-02-20 01:06:16.528000,96631.9764747056,1.9160175813169956E12,2.7829799240490257E10,2025022001
2025-02-20 02:04:55.780000,96836.56956169584,1.920542151574443E12,2.441402278820056E10,2025022002
2025-02-20 03:03:02.861000,96753.44819523895,1.9175389769208442E12,2.0293158129001976E10,2025022003
2025-02-20 04:00:38.172000,97179.21961256368,1.9282700189825393E12,2.3700632395144863E10,2025022004
2025-02-20 05:04:44.986000,97060.52011571353,1.9243864170600134E12,2.845919001216188E10,2025022005
2025-02-20 06:00:35.014000,97183.01235981267,1.9264227150802847E12,2.451022979847329E10,2025022006
2025-02-20 07:05:01.256000,96922.7147115594,1.9227569552761147E12,2.820627120755033E10,2025022007
2025-02-20 08:01:07.175000,96913.83407061106,1.9210184155653267E12,2.8046697790946465E10,2025022008
2025-02-20 09:04:41.781000,97004.88168451515,1.9234424226102505E12,2.4931469587043407E10,2025022009
2025-02-20 10:01:01.985000,97188.8027667773,1.9275439677527686E12,2.441349527643508E10,2025022010
2025-02-20 11:04:45.189000,97192.89155485418,1.9268947298547559E12,2.336769279765633E10,2025022011
2025-02-20 12:05:54.364000,97406.95451404073,1.9307184143834734E12,2.613213386250507E10,2025022012
2025-02-20 13:04:53.780000,97248.13930504581,1.9271612546621667E12,2.6925922984531998E10,2025022013
2025-02-20 14:04:21.306000,97439.5651782597,1.9319140887993633E12,2.7110893528127083E10,2025022014
2025-02-20 15:05:43.049000,97597.5898426476,1.9342572347435444E12,2.7255999333531757E10,2025022015
2025-02-20 16:09:30.030000,97202.8689987542,1.926922621929254E12,2.7282671732611103E10,2025022016
2025-02-20 17:04:41.884000,96876.26093402511,1.9217203197364573E12,2.7901088936550987E10,2025022017
2025-02-20 18:06:49.908000,97714.3371744566,1.9374424417675703E12,2.8613901292424763E10,2025022018
2025-02-20 19:03:34.411000,98018.59661832507,1.9428804952180186E12,2.9900165641533195E10,2025022019
2025-02-20 20:04:46.413000,98338.7018272712,1.9500303147613906E12,2.984332678658495E10,2025022020
2025-02-20 21:07:50.481000,98481.54369856586,1.951386050803741E12,3.0502516670253407E10,2025022021
2025-02-20 22:04:48.201000,98519.0592307595,1.952973941365052E12,3.078691672413033E10,2025022022
2025-02-20 23:04:20.397000,98022.05812096567,1.9446621526284802E12,2.9843859995207157E10,2025022023
2025-02-21 00:04:56.646000,98227.3320679309,1.9465128751201768E12,2.819952777923245E10,2025022100
2025-02-21 01:04:28.449000,98336.68799774042,1.9494520840351829E12,2.8413454737835297E10,2025022101
2025-02-21 02:07:45.226000,98250.85003188688,1.9476301752252068E12,2.885575290512628E10,2025022102
2025-02-21 03:04:57.538000,98368.18235937174,1.95019709678956E12,2.492005019902887E10,2025022103
2025-02-21 04:04:46.043000,98126.16133511938,1.9456626024365557E12,2.8593196910661728E10,2025022104
2025-02-21 05:04:36.364000,98241.82244249899,1.946580563571827E12,2.9275601082483658E10,2025022105
2025-02-21 06:04:43.530000,98247.45441227335,1.947968624952759E12,2.940844379379684E10,2025022106
2025-02-21 07:09:18.155000,98328.75213668121,1.9502355965680593E12,2.4684319951491024E10,2025022107
2025-02-21 08:00:30.275000,98421.66598679434,1.9509163005881677E12,2.9588907780303143E10,2025022108
2025-02-21 09:04:23.729000,98190.5219426655,1.9474158192210823E12,3.0042184966693783E10,2025022109
2025-02-21 10:04:49.539000,98306.70568096745,1.9474798330521401E12,3.0244271161609722E10,2025022110
2025-02-21 11:04:26.847000,98354.95929916999,1.9502725275900635E12,2.4227088887685234E10,2025022111
2025-02-21 12:00:52.127000,98635.9937326328,1.9552723000494636E12,3.0795672771728134E10,2025022112
2025-02-21 13:04:51.988000,98641.48664582448,1.956137670902715E12,2.6765665365877144E10,2025022113
2025-02-21 14:03:40.066000,98941.1725782136,1.9611515003611628E12,3.179209331184099E10,2025022114
2025-02-21 15:07:40.214000,99244.09049710589,1.967937581097418E12,3.3827623887584812E10,2025022115
2025-02-21 16:04:38.351000,98689.12290385604,1.9595158718210437E12,3.3521153131910942E10,2025022116
2025-02-21 17:01:43.142000,98200.30835870569,1.9384501777021526E12,3.348798827848033E10,2025022117
2025-02-21 18:04:16.439000,98208.05256779343,1.9465542851354336E12,3.3663916839296513E10,2025022118
2025-02-21 19:04:42.447000,97057.94737411733,1.922348599686325E12,4.104766431343925E10,2025022119
2025-02-21 20:04:57.810000,96432.40639733619,1.914909090399566E12,4.274582214691186E10,2025022120
2025-02-21 21:04:57.717000,95188.4232914197,1.886971687085949E12,4.592396598278666E10,2025022121
2025-02-21 22:01:41.905000,94909.23471393716,1.8825067687781719E12,4.753839680035265E10,2025022122
2025-02-21 23:04:46.216000,95374.40372435798,1.8915239668006685E12,5.001107463691984E10,2025022123
2025-02-22 00:04:58.218000,95744.67131189487,1.8989219923245488E12,4.3728538160090706E10,2025022200
2025-02-22 01:04:32.453000,96135.15541305285,1.9060581975063809E12,4.247747295092155E10,2025022201
2025-02-22 02:03:49.822000,96175.80021236626,1.9067778754612402E12,4.021383892873109E10,2025022202
2025-02-22 03:04:57.978000,96214.64163369463,1.907697619036175E12,5.124033519206845E10,2025022203
2025-02-22 04:03:51.217000,96324.83585906116,1.909332283689208E12,4.703865352924028E10,2025022204
2025-02-22 05:05:58.222000,96379.27904139952,1.9096850217606614E12,5.13308740659991E10,2025022205
2025-02-22 06:00:34.202000,96361.62676840216,1.912051713683331E12,5.110126281792746E10,2025022206
2025-02-22 07:04:58.495000,96448.06002721623,1.9119030699453704E12,4.230717693855069E10,2025022207
2025-02-22 08:04:54.123000,96389.686033179,1.9112973031695447E12,4.634908039846455E10,2025022208
2025-02-22 09:03:34.715000,96304.5157111551,1.9098401567008193E12,5.043709937482441E10,2025022209
2025-02-22 10:05:12.632000,96211.30637187278,1.9072682955497957E12,5.02356511413879E10,2025022210
2025-02-22 11:04:05.336000,96479.11808533416,1.9133163628670835E12,4.736090321471842E10,2025022211
2025-02-22 12:04:46.590000,96480.22631988948,1.9128096123489426E12,4.510289589047096E10,2025022212
2025-02-22 13:04:29.298000,96594.85836473043,1.9145388287456216E12,4.7616774188804886E10,2025022213
2025-02-22 14:01:07.696000,96857.71626951931,1.9200699788785688E12,4.728725886083904E10,2025022214
2025-02-22 15:09:22.015000,96640.432707833,1.9152722827531301E12,4.554803118134358E10,2025022215
2025-02-22 16:05:21.603000,96533.46795238968,1.9140848482593599E12,4.034322475535737E10,2025022216
2025-02-22 17:04:48.803000,96582.88770834969,1.916614145604421E12,3.3120507599799072E10,2025022217
2025-02-22 18:04:43.302000,96493.95352259732,1.9130974983781382E12,3.494515535754187E10,2025022218
2025-02-22 19:04:59.220000,96668.33083690105,1.9163851373181821E12,3.2034310846470707E10,2025022219
2025-02-22 20:02:15.198000,96417.94490841779,1.9117142468600242E12,2.9331436433798298E10,2025022220
2025-02-22 21:04:50.643000,96631.34570897685,1.9159853614748591E12,2.6045423991642757E10,2025022221
2025-02-22 22:04:44.980000,96576.69186359123,1.9149014959757688E12,2.232019004946291E10,2025022222
2025-02-22 23:01:33.157000,96676.44236752397,1.9163786971212043E12,1.7599883816199932E10,2025022223
2025-02-23 00:05:45.135000,96635.74766480611,1.9167508155604211E12,1.8863333654078506E10,2025022300
2025-02-23 01:04:47.721000,96526.3245193673,1.9143409275665305E12,1.8573069489322983E10,2025022301
2025-02-23 02:04:50.090000,96652.72840228872,1.9162737845758806E12,1.8079936669303177E10,2025022302
2025-02-23 03:04:51.387000,96486.16095700496,1.9129689670050461E12,1.566574490574161E10,2025022303
2025-02-23 04:04:36.316000,96413.29570390456,1.9122304158853691E12,1.725034972460702E10,2025022304
2025-02-23 05:04:41.720000,96433.35114701596,1.9124825307484426E12,1.7146490189538015E10,2025022305
2025-02-23 06:04:46.475000,96423.40572186683,1.912437801353127E12,1.706794983798017E10,2025022306
2025-02-23 07:04:37.616000,96216.37468385046,1.908283572575259E12,1.6997699842659517E10,2025022307
2025-02-23 08:02:03.265000,96345.70036309761,1.9101865861780916E12,1.287996143180666E10,2025022308
2025-02-23 09:04:31.344000,96532.36465453282,1.9140634193265752E12,1.6746841508455725E10,2025022309
2025-02-23 10:04:53.321000,96345.45264741067,1.9099672774798289E12,1.6363305263566639E10,2025022310
2025-02-23 11:00:21.052000,96327.06984242801,1.910282554188766E12,1.3967394873317518E10,2025022311
2025-02-23 12:04:48.539000,96170.77690652086,1.9063859393434485E12,1.5717574505962608E10,2025022312
2025-02-23 13:00:50.617000,96113.94673119442,1.90572802542312E12,1.4812624308338205E10,2025022313
2025-02-23 14:04:51.833000,95729.51884312728,1.8980993150574385E12,1.48819145180658E10,2025022314
2025-02-23 15:04:49.250000,95910.3437706451,1.9021468576837625E12,1.3006459568270264E10,2025022315
2025-02-23 16:04:45.840000,95578.6571267704,1.8956592139501938E12,1.6279844961718296E10,2025022316
2025-02-23 17:04:37.446000,95432.65221910209,1.8939141415908926E12,1.4380630041035685E10,2025022317
2025-02-23 18:04:48.221000,95425.30528594145,1.8941945137755715E12,1.6153182426724945E10,2025022318
2025-02-23 19:05:32.331000,95664.86676122127,1.8978844153113362E12,1.5941004697939243E10,2025022319
2025-02-23 20:09:24.749000,95807.78271920708,1.8985227887939797E12,1.6793034143143463E10,2025022320
2025-02-23 21:04:57.514000,95748.56191472913,1.8986631559701587E12,1.6213134932692854E10,2025022321
2025-02-23 22:04:48.030000,95784.84215984003,1.8993436562134377E12,1.1968612532591763E10,2025022322
2025-02-23 23:04:56.654000,95764.18321415772,1.8986599275182686E12,1.5653378879882114E10,2025022323
2025-02-24 00:09:21.219000,96100.14512743866,1.904561170797394E12,1.6666706255082392E10,2025022400
2025-02-24 01:03:58.045000,96265.42843123179,1.9092671752654783E12,1.535770364491575E10,2025022401
2025-02-24 02:04:32.015000,96235.4969392334,1.9090429675544155E12,1.8418267627855816E10,2025022402
2025-02-24 03:04:40.171000,95980.26132457636,1.9038262386042917E12,1.860561855762663E10,2025022403
2025-02-24 04:04:27.810000,95792.0954841429,1.8990200037996506E12,1.916595621687887E10,2025022404
2025-02-24 05:04:56.717000,95444.921653889,1.893639840650125E12,1.9573206271599316E10,2025022405
2025-02-24 06:01:04.500000,95286.7956865605,1.8893608990997197E12,1.9393567136189953E10,2025022406
2025-02-24 07:04:32.274000,95738.04972301621,1.8986133602956648E12,2.1907979890707195E10,2025022407
2025-02-24 08:04:24.571000,95913.34522050363,1.900013987215283E12,2.2326834325576653E10,2025022408
2025-02-24 09:04:48.274000,95901.8386976779,1.90182805484679E12,2.1614386194539314E10,2025022409
2025-02-24 10:04:55.513000,95542.30879671387,1.895161399620514E12,2.119245926814618E10,2025022410
2025-02-24 11:04:38.788000,95806.49386697571,1.90026852096395E12,2.190983186390759E10,2025022411
2025-02-24 12:04:29.936000,95640.85834666436,1.8963185968271353E12,2.0334508492040634E10,2025022412
2025-02-24 13:04:45.829000,95832.80810182482,1.9010583836428376E12,2.1969121393213276E10,2025022413
2025-02-24 14:04:42.429000,95796.86204044832,1.8993129383249553E12,2.1195102880023293E10,2025022414
2025-02-24 15:04:10.530000,95536.92475658203,1.8955483224176648E12,2.5747894652387363E10,2025022415
2025-02-24 16:05:00.194000,94752.9231933443,1.8820007936437454E12,2.5086188611723347E10,2025022416
2025-02-24 17:07:36.417000,94242.24036204048,1.8686369110623494E12,2.9870131766980896E10,2025022417
2025-02-24 18:04:48.544000,94308.47790279647,1.8697368347063906E12,3.2710600198619728E10,2025022418
2025-02-24 19:04:55.855000,94634.09914253639,1.876321108225039E12,3.101267228831584E10,2025022419
2025-02-24 20:04:43.068000,94136.87035612758,1.8667812499941592E12,3.5430259556494026E10,2025022420
2025-02-24 21:04:32.403000,93870.86137654915,1.861458311666809E12,3.3043964995875618E10,2025022421
2025-02-24 22:03:37.801000,93976.22734751913,1.8675738773270986E12,3.947760323845223E10,2025022422
2025-02-24 23:04:58.981000,93954.42572459971,1.86390521350856E12,4.0811126718608986E10,2025022423
2025-02-25 00:04:10.160000,92361.39840402018,1.8344090487270303E12,3.98628468726093E10,2025022500
2025-02-25 01:04:59.811000,91581.54822567313,1.8116466713017656E12,4.3517976327902794E10,2025022501
2025-02-25 02:01:30.844000,91837.13011638554,1.8242628913402627E12,5.121322734400521E10,2025022502
2025-02-25 03:04:20.838000,92013.31215072384,1.824501418217069E12,5.344866220262272E10,2025022503
2025-02-25 04:04:56.335000,92306.01372151902,1.8304520894104177E12,5.3544836879487076E10,2025022504
2025-02-25 05:04:46.408000,92105.6033404217,1.8279719465827393E12,5.481422415137516E10,2025022505
2025-02-25 06:09:18.813000,91820.5412072708,1.819093662170775E12,5.091115796431408E10,2025022506
2025-02-25 07:06:35.030000,91940.55326491955,1.824037372096328E12,5.524973266194768E10,2025022507
2025-02-25 08:04:47.171000,91256.70542813146,1.809369878103366E12,4.708127470806086E10,2025022508
2025-02-25 09:04:15.825000,89090.97043741599,1.766268042264339E12,5.872749874831095E10,2025022509
2025-02-25 10:01:02.370000,89396.73950666585,1.7740412108558936E12,6.392143840171314E10,2025022510
2025-02-25 11:05:57.382000,88440.37884721062,1.7473164250396956E12,7.112572567149629E10,2025022511
2025-02-25 12:04:36.059000,88201.3382303592,1.7491318941378281E12,6.609518635468333E10,2025022512
2025-02-25 13:04:46.178000,89256.52949098358,1.770484358819669E12,7.21274087502223E10,2025022513
2025-02-25 14:04:40.670000,89391.201092851,1.7646214029547607E12,7.869827579406529E10,2025022514
2025-02-25 15:09:28.139000,88789.8197934742,1.7606063222890361E12,8.104999016357509E10,2025022515
2025-02-25 16:09:24.610000,86867.66638189416,1.731204367644946E12,8.893338859550702E10,2025022516
2025-02-25 17:09:24.690000,86776.4546745387,1.721146767112169E12,9.244464690258954E10,2025022517
2025-02-25 18:09:15.140000,87366.87218874015,1.7356847770440952E12,9.542155725655904E10,2025022518
2025-02-25 19:09:41.791000,87392.79936497574,1.730849925865499E12,9.709825103213916E10,2025022519
2025-02-25 20:01:49.546000,86941.61569710268,1.726153569197384E12,9.31477086957248E10,2025022520
2025-02-25 21:04:53.681000,87837.98611845393,1.7425794672735596E12,9.461196211319905E10,2025022521
2025-02-25 22:01:39.627000,88056.54698126936,1.7453806359647517E12,9.791251133268088E10,2025022522
2025-02-25 23:09:45.639000,89142.8156418093,1.7601282759668276E12,1.0328352596180804E11,2025022523
2025-02-26 00:09:38.390000,89006.72620143932,1.7597759022169827E12,7.953169744636389E10,2025022600
2025-02-26 01:08:53.938000,88463.02814951622,1.7546419699366802E12,9.75601109387967E10,2025022601
2025-02-26 02:09:45.658000,88129.4582649271,1.7475542850657288E12,8.851488047302888E10,2025022602
2025-02-26 03:05:27.951000,88582.89007988699,1.759436697765123E12,8.182081390336995E10,2025022603
2025-02-26 04:08:26.575000,89010.2709977032,1.7665308431840618E12,7.984759155036002E10,2025022604
2025-02-26 05:09:26.619000,88849.42547092162,1.7620664909356587E12,8.282262816364062E10,2025022605
2025-02-26 06:04:43.636000,88627.54762623741,1.7571257044284404E12,8.637908267162964E10,2025022606
2025-02-26 07:04:48.324000,88377.108768736,1.7537087700561602E12,9.047096695365767E10,2025022607
2025-02-26 08:09:08.380000,88829.00914641502,1.761276770018358E12,8.564243201819295E10,2025022608
2025-02-26 09:04:36.710000,88672.10610119285,1.7579882552473652E12,7.45962526686756E10,2025022609
2025-02-26 10:04:17.986000,88447.98677406105,1.753803671294992E12,6.787255486341055E10,2025022610
2025-02-26 11:04:49.265000,89035.46679968933,1.7663103318471128E12,7.029362384277264E10,2025022611
2025-02-26 12:05:30.847000,89191.07152838832,1.769331563832426E12,6.804752004890093E10,2025022612
2025-02-26 13:04:19.989000,88591.27153709585,1.756834880108749E12,6.1183715592494705E10,2025022613
2025-02-26 14:04:57.308000,87915.24559540932,1.7387838573714E12,6.329023124527464E10,2025022614
2025-02-26 15:04:53.742000,86973.31331258506,1.7295468254374866E12,6.2880535383686455E10,2025022615
2025-02-26 16:04:41.245000,87527.16336925325,1.7355671425137805E12,5.112594898623724E10,2025022616
2025-02-26 17:01:06.530000,87384.08580336162,1.735119363050624E12,5.761096150669793E10,2025022617
2025-02-26 18:05:35.340000,86693.74231687622,1.721485928624323E12,5.448514522508099E10,2025022618
2025-02-26 19:04:52.167000,85901.66149196563,1.6978182850944844E12,5.289812927570132E10,2025022619
2025-02-26 20:04:58.494000,84103.29594104021,1.667649635572956E12,5.1761814175407005E10,2025022620
2025-02-26 21:07:03.343000,83753.25723879317,1.661298352481992E12,6.306443811702264E10,2025022621
2025-02-26 22:05:29.701000,84033.67383603823,1.673294537276797E12,6.262188932703597E10,2025022622
2025-02-26 23:04:51.580000,84508.0886401965,1.6736867450166326E12,6.623738482602213E10,2025022623
2025-02-27 00:04:44.223000,84301.81196811788,1.6772527575084766E12,7.33624221888593E10,2025022700
2025-02-27 01:04:57.146000,84136.6270309708,1.664976819548179E12,7.404451024106297E10,2025022701
2025-02-27 02:00:33.204000,84539.85867570058,1.6763989909367651E12,6.997796962264894E10,2025022702
2025-02-27 03:07:39.379000,84559.84873137249,1.6785134906733628E12,7.635212134805775E10,2025022703
2025-02-27 04:03:23.975000,84283.81642317647,1.674820976518801E12,6.527155955318467E10,2025022704
2025-02-27 05:04:18.422000,85132.65827117102,1.6902687880843044E12,7.553380560617079E10,2025022705
2025-02-27 06:09:12.323000,85035.83826254253,1.6858265481460154E12,6.395216722546571E10,2025022706
2025-02-27 07:04:45.122000,85749.7757679238,1.6998269980074436E12,7.009304560455304E10,2025022707
2025-02-27 08:04:28.938000,86174.31224944406,1.7091531725156626E12,7.58581268967453E10,2025022708
2025-02-27 09:04:28.696000,86219.35590995634,1.7117711245345195E12,3.316705273538223E11,2025022709
2025-02-27 10:04:38.683000,85993.04087670334,1.7033982500689424E12,3.304471713263013E11,2025022710
2025-02-27 11:04:44.385000,86074.32031147683,1.7058885541529592E12,3.3063296858744403E11,2025022711
2025-02-27 12:04:50.652000,86951.11150965454,1.7219427905273584E12,3.344007067061867E11,2025022712
2025-02-27 13:04:58.578000,86658.62256231347,1.7170235706593606E12,3.2650107749141943E11,2025022713
2025-02-27 14:04:42.833000,86247.63680503149,1.7097198229322607E12,3.309727047767876E11,2025022714
2025-02-27 15:04:54.100000,86051.58311473635,1.7059761453645325E12,3.344660921377238E11,2025022715
2025-02-27 16:04:44.189000,84937.58784593474,1.6863467597844456E12,3.226909881857205E11,2025022716
2025-02-27 17:12:05.479000,85465.98308790909,1.6959256704106475E12,3.313634564443897E11,2025022717
2025-02-27 18:06:45.252000,84434.42898184851,1.6736475980954534E12,6.329624856462486E10,2025022718
2025-02-27 19:04:35.450000,84484.3560760712,1.6727138371607334E12,3.2497257330496716E11,2025022719
2025-02-27 20:09:29.693000,84308.63045291128,1.6738969800645833E12,3.198799666603555E11,2025022720
2025-02-27 21:04:49.162000,83946.71468689031,1.6671037003059248E12,3.1518798607410944E11,2025022721
2025-02-27 22:04:41.086000,83456.54639867684,1.654813180850306E12,2.9671461032362146E11,2025022722
2025-02-27 23:04:57.260000,84201.35039951056,1.6693787674872915E12,3.02772853864829E11,2025022723
2025-02-28 00:04:30.095000,84575.08070076704,1.676735999156739E12,3.088999639270698E11,2025022800
2025-02-28 01:05:00.195000,84689.50963635083,1.6793218262962173E12,3.049483856093969E11,2025022801
2025-02-28 02:04:49.739000,84174.60386136748,1.6701490685792407E12,4.6876896661988396E10,2025022802
2025-02-28 03:05:42.417000,81731.45985922733,1.6199666135041714E12,2.3805692548239716E11,2025022803
2025-02-28 04:09:52.358000,81150.26278342587,1.6034658308934053E12,2.3766114558374957E11,2025022804
2025-02-28 05:04:55.802000,80450.79294794661,1.5959642942322458E12,2.468642741103372E11,2025022805
2025-02-28 06:01:46.910000,80327.90968370625,1.598780073461891E12,2.475135515092326E11,2025022806
2025-02-28 07:04:43.440000,79873.24246763966,1.5705000395086782E12,7.260824232810298E10,2025022807
2025-02-28 08:08:53.466000,79796.03338247676,1.5796646124183752E12,7.532358182658492E10,2025022808
2025-02-28 09:04:36.289000,79079.23853988826,1.5680466924313062E12,7.672918627308028E10,2025022809
2025-02-28 10:04:31.902000,78940.43864942867,1.5651985566378933E12,7.27580789373309E10,2025022810
2025-02-28 11:09:24.105000,79998.57693365982,1.5930993844678782E12,8.30510676481451E10,2025022811
2025-02-28 12:04:46.563000,79962.43838770282,1.5860971558270115E12,8.382274755054698E10,2025022812
2025-02-28 13:03:00.812000,80435.1886242044,1.5934545272166235E12,8.460854629797093E10,2025022813
2025-02-28 14:04:36.416000,80772.67815795937,1.6000885704009553E12,8.593386317476102E10,2025022814
2025-02-28 15:04:47.958000,81473.42315333462,1.6151907328668318E12,7.629441364954355E10,2025022815
2025-02-28 16:09:21.818000,82319.00615781517,1.6323138167254602E12,8.822077977654863E10,2025022816
2025-02-28 17:03:36.928000,83979.37551380234,1.6623764747994443E12,8.086269417374829E10,2025022817
2025-02-28 18:02:36.098000,84391.42017096882,1.6751328728189226E12,8.725829698293349E10,2025022818
2025-02-28 19:01:49.181000,83657.49178573994,1.6615120603047202E12,8.8193443418954E10,2025022819
2025-02-28 20:03:23.947000,84357.8359375325,1.6738722998132654E12,8.876292749840147E10,2025022820
2025-02-28 21:04:47.805000,84401.15171227718,1.6737519536108145E12,7.877051888427618E10,2025022821
2025-02-28 22:04:46.499000,84180.34506243317,1.6708126009395063E12,7.937093764519196E10,2025022822
2025-02-28 23:07:23.300000,84366.4982526792,1.673114548675435E12,9.076252498176361E10,2025022823
2025-03-01 00:09:29.129000,84116.90940478408,1.6682377443828064E12,7.833795062810304E10,2025030100
2025-03-01 01:04:49.222000,84316.57799844211,1.6729490623877764E12,8.98418848527533E10,2025030101
2025-03-01 02:04:45.960000,83818.25957742738,1.662147154092196E12,7.716734103922475E10,2025030102
2025-03-01 03:06:09.617000,84377.49004801741,1.6730120530675115E12,7.591620161855559E10,2025030103
2025-03-01 04:04:50.497000,85258.01997722525,1.6900170693225098E12,7.61846960311537E10,2025030104
2025-03-01 05:04:52.221000,85288.51830750107,1.6926228719876904E12,7.332604200530675E10,2025030105
2025-03-01 06:04:58.266000,86187.61560877925,1.709450750796164E12,5.870285758273804E10,2025030106
2025-03-01 07:09:43.335000,85499.73208015299,1.6977434197396355E12,6.590121524008838E10,2025030107
2025-03-01 08:04:40.353000,85040.27992527063,1.6853022942326804E12,6.093053733555504E10,2025030108
2025-03-01 09:09:49.820000,84987.8829445724,1.6837204744621287E12,6.257948411105111E10,2025030109
2025-03-01 10:04:56.475000,85248.50951064646,1.690675305383048E12,5.965932491379499E10,2025030110
2025-03-01 11:03:00.727000,85333.49904975179,1.6921432746161128E12,4.770475101216165E10,2025030111
2025-03-01 12:04:40.471000,84842.21597267754,1.6819650937068162E12,5.5495573003716835E10,2025030112
2025-03-01 13:04:47.671000,84600.52864758584,1.6772219049837988E12,5.369767585150823E10,2025030113
2025-03-01 14:01:32.159000,84785.19164229938,1.6828766565774556E12,5.0259170411784065E10,2025030114
2025-03-01 15:04:57.680000,84452.16671372668,1.6735430721762632E12,4.7844617223283455E10,2025030115
2025-03-01 16:03:19.617000,84684.87464077682,1.679362898695669E12,4.169960073800294E10,2025030116
2025-03-01 17:09:39.057000,84659.92894806841,1.681256124732168E12,4.028196968475396E10,2025030117
2025-03-01 18:04:56.828000,85280.03180448567,1.6891302590504155E12,3.924075457128185E10,2025030118
2025-03-01 19:04:48.755000,85167.93027730213,1.6895782212304326E12,3.619350448189691E10,2025030119
2025-03-01 20:09:40.183000,85261.85384218712,1.6908071301954465E12,3.187603804878682E10,2025030120
2025-03-01 21:08:47.032000,85357.75007854645,1.6945209386111655E12,3.250803121090039E10,2025030121
2025-03-01 22:09:43.546000,85499.63370083639,1.694575011550546E12,3.0461496454611004E10,2025030122
2025-03-01 23:04:49.001000,86040.13401090879,1.702188858448892E12,3.0683188301416725E10,2025030123
2025-03-02 00:09:48.398000,86064.6646695572,1.707986472026645E12,2.8751386217347446E10,2025030200
2025-03-02 01:04:58.408000,85982.6656372778,1.7062163004015674E12,3.0158590655711796E10,2025030201
2025-03-02 02:04:52.943000,85984.92968484931,1.7063563985192136E12,2.7954400606052162E10,2025030202
2025-03-02 03:04:41.101000,86325.16846001119,1.711901576131496E12,2.9763989316547443E10,2025030203
2025-03-02 04:05:40.359000,85726.58136584464,1.6996521298252852E12,2.593531798742294E10,2025030204
2025-03-02 05:05:00.204000,85824.99311969621,1.704473978113422E12,2.8333489330553936E10,2025030205
2025-03-02 06:06:10.915000,85655.19135378071,1.6986763568697583E12,2.4914607497327583E10,2025030206
2025-03-02 07:04:57.684000,85930.4029532836,1.7021092197068848E12,2.5933202419545273E10,2025030207
2025-03-02 08:06:07.098000,86246.64068135856,1.7103551004189385E12,2.4297474750917767E10,2025030208
2025-03-02 09:04:59.622000,86207.33731471795,1.7107938407527432E12,2.350245342596007E10,2025030209
2025-03-02 10:04:42.644000,85733.27090027815,1.7036881540386763E12,2.3898664329709972E10,2025030210
2025-03-02 11:03:21.159000,85861.56494055038,1.702893711938796E12,2.3448488480602604E10,2025030211
2025-03-02 12:02:33.052000,85974.46210057012,1.703793277781509E12,2.225665410480858E10,2025030212
2025-03-02 13:08:17.642000,85952.41873108123,1.706458260927358E12,2.1461179466726265E10,2025030213
2025-03-02 14:04:34.513000,85945.65637691983,1.704492332260691E12,1.9913910760445816E10,2025030214
2025-03-02 15:03:32.213000,85673.0709138241,1.6980461393362817E12,1.905435726170903E10,2025030215
2025-03-02 16:02:50.195000,85075.19099390629,1.687897582084986E12,1.9870782906989964E10,2025030216
2025-03-02 17:04:56.774000,87445.5430848164,1.7353505367956033E12,2.3634434010556572E10,2025030217
2025-03-02 18:02:27.716000,91378.26201151186,1.8186404909269458E12,3.4058435949470005E10,2025030218
2025-03-02 19:01:37.716000,94183.67640464348,1.8594996867001E12,4.674846299050989E10,2025030219
2025-03-02 20:04:59.772000,92908.06234717843,1.836789401710556E12,5.0504343807726074E10,2025030220
2025-03-02 21:04:41.055000,93553.2099599375,1.8531019392397305E12,4.769519282743166E10,2025030221
2025-03-02 22:04:10.894000,94442.43103320176,1.8717954946902664E12,5.5358718444737465E10,2025030222
2025-03-02 23:06:28.822000,93993.49502205626,1.864737133154407E12,5.964526239083331E10,2025030223
2025-03-03 00:09:28.211000,94770.10370201574,1.8736382350453464E12,6.116771039912147E10,2025030300
2025-03-03 01:04:52.201000,94261.53286538439,1.8683217054444878E12,6.185911255080991E10,2025030301
2025-03-03 02:09:34.401000,93235.73548423624,1.8507986482008765E12,5.650259939886635E10,2025030302
2025-03-03 03:06:06.737000,92994.25280972291,1.8464058729066748E12,6.235918996543705E10,2025030303
2025-03-03 04:03:23.792000,93323.7976962091,1.8507953309983357E12,6.713809183480722E10,2025030304
2025-03-03 05:07:38.593000,92682.02628626079,1.8379348589861174E12,6.1384112106638954E10,2025030305
2025-03-03 06:09:02.287000,93025.760601398,1.8431555135087864E12,6.896286487289346E10,2025030306
2025-03-03 07:04:27.545000,93302.25115067598,1.8478875167197783E12,6.967706150103363E10,2025030307
2025-03-03 08:01:06.305000,91464.20916332758,1.809591420720601E12,6.888821829805142E10,2025030308
2025-03-03 09:08:22.419000,92319.03215389892,1.8279232431750706E12,7.090763681624669E10,2025030309
2025-03-03 10:04:48.537000,91365.5560267108,1.8098675575902734E12,6.928494921700845E10,2025030310
2025-03-03 11:04:53.548000,91840.96195107298,1.8235681285008062E12,7.593893256636786E10,2025030311
2025-03-03 12:04:57.225000,92520.05256903946,1.8321404330335176E12,7.71440198587058E10,2025030312
2025-03-03 13:02:23.152000,92704.99332627936,1.8357110392057415E12,7.815579504634752E10,2025030313
2025-03-03 14:09:42.742000,93184.11440212942,1.8438627358895913E12,8.022477099149811E10,2025030314
2025-03-03 15:00:29.738000,93288.33219257377,1.85128409328937E12,8.100969056592838E10,2025030315
2025-03-03 16:09:47.133000,89948.47284407713,1.7858074487432004E12,7.66211525975572E10,2025030316
2025-03-03 17:03:35.519000,90078.29699874723,1.797367485901247E12,8.176682335017839E10,2025030317
2025-03-03 18:00:50.731000,90100.55793547307,1.7869515830863757E12,7.228991542727774E10,2025030318
2025-03-03 19:00:27.806000,90362.03357256715,1.7925849762244019E12,6.0481360329609764E10,2025030319
2025-03-03 20:09:53.449000,87491.4206062274,1.7358307859308975E12,6.234311302566655E10,2025030320
2025-03-03 21:04:59.600000,85545.7625233458,1.7007965680784517E12,5.688656604644117E10,2025030321
2025-03-03 22:09:57.763000,86058.30490682101,1.7088502366623936E12,6.6370654823354485E10,2025030322
2025-03-03 23:04:20.857000,85204.63043242115,1.6979544670539895E12,7.387405937256435E10,2025030323
2025-03-04 00:09:52.654000,86170.71147754729,1.7099774283478018E12,6.894855492563377E10,2025030400
2025-03-04 01:07:26.499000,86009.33348231346,1.7040252193824402E12,7.188999341367072E10,2025030401
2025-03-04 02:05:15.772000,86121.81430043305,1.704537628005519E12,7.192024861734053E10,2025030402
2025-03-04 03:09:42.514000,83547.88761068918,1.6565147146756091E12,7.185304876747128E10,2025030403
2025-03-04 04:04:40.863000,83972.72380658488,1.6675079123269888E12,7.749401887042064E10,2025030404
2025-03-04 05:04:42.805000,83894.60765773285,1.6699561074088643E12,7.740626993370871E10,2025030405
2025-03-04 06:02:36.907000,83415.32852921398,1.6541126647506184E12,7.792018986071147E10,2025030406
2025-03-04 07:09:47.788000,84208.53292141939,1.670983928980298E12,7.787338861403662E10,2025030407
2025-03-04 08:02:51.018000,83856.74936488515,1.658801476655347E12,7.687432925454816E10,2025030408
2025-03-04 09:04:42.529000,83176.65536982972,1.6476395286267808E12,7.572734561837674E10,2025030409
2025-03-04 10:04:38.281000,83842.65217935151,1.6647300028820776E12,7.662813768889372E10,2025030410
2025-03-04 11:04:50.960000,83797.859996219,1.661959336680046E12,6.888056977990886E10,2025030411
2025-03-04 12:09:25.426000,83870.76608750969,1.6627922278776665E12,7.185515065497823E10,2025030412
2025-03-04 13:09:27.712000,83840.8128569342,1.6635552403212646E12,7.174735385559306E10,2025030413
2025-03-04 14:04:46.725000,83704.19016400714,1.6608865362500718E12,7.13363820057557E10,2025030414
2025-03-04 15:00:49.130000,82681.05172860001,1.6447380402320017E12,6.588443070275422E10,2025030415
2025-03-04 16:04:53.276000,83066.2270465692,1.6641735852339275E12,6.921439560788177E10,2025030416
2025-03-04 17:03:54.010000,82922.8590885219,1.6431138213249531E12,6.751001747910123E10,2025030417
2025-03-04 18:05:34.581000,83663.71104143023,1.6593207336185E12,5.985040879460879E10,2025030418
2025-03-04 19:09:22.346000,85454.70850609809,1.6940527859802393E12,7.020518483279301E10,2025030419
2025-03-04 20:02:35.062000,86734.75594854711,1.7219460982156245E12,6.48414590895342E10,2025030420
2025-03-04 21:09:31.356000,87903.09912509412,1.7447060306463884E12,6.869381156609502E10,2025030421
2025-03-04 22:09:09.072000,86892.91764570212,1.7221099084485112E12,6.091719797921443E10,2025030422
2025-03-04 23:09:37.480000,87654.10477359233,1.7378471285784778E12,6.336306132815918E10,2025030423
2025-03-05 00:05:05.626000,87536.70299445765,1.737381784517406E12,7.003518072990804E10,2025030500
2025-03-05 01:05:17.158000,87310.80531078295,1.7314416680696523E12,6.586335668042408E10,2025030501
2025-03-05 02:09:28.500000,86671.69226701841,1.720857098384173E12,6.550108643039104E10,2025030502
2025-03-05 03:04:59.180000,87636.02617297841,1.7368327252987947E12,6.536404641438747E10,2025030503
2025-03-05 04:04:22.285000,87336.45385836615,1.7368550790904436E12,6.291748348322576E10,2025030504
2025-03-05 05:02:20.356000,86728.88847600293,1.7313033731628396E12,6.031944859026196E10,2025030505
2025-03-05 06:04:50.902000,86938.4775519185,1.7254833694268882E12,5.977195876297294E10,2025030506
2025-03-05 07:04:38.467000,87196.79381349821,1.7282659128834036E12,5.7403745820549484E10,2025030507
2025-03-05 08:09:27.015000,87572.61283398556,1.7358173476922031E12,5.893144673802882E10,2025030508
2025-03-05 09:09:35.131000,87642.61154756158,1.7383841391863796E12,5.164742605331684E10,2025030509
2025-03-05 10:02:37.473000,87717.3980065317,1.739738441943482E12,5.9496891880850945E10,2025030510
2025-03-05 11:09:24.495000,88641.41361763507,1.7569349568206084E12,5.73587598486191E10,2025030511
2025-03-05 12:05:18.006000,89850.54371051837,1.7822221586167412E12,6.093825704589527E10,2025030512
2025-03-05 13:03:04.102000,89753.15776222358,1.7864444795063167E12,5.744820017293529E10,2025030513
2025-03-05 14:01:53.736000,90352.05950695107,1.7917644387529658E12,5.0751908080991066E10,2025030514
2025-03-05 15:04:40.511000,89433.26802498609,1.7736159603179155E12,6.00811744949784E10,2025030515
2025-03-05 16:09:07.195000,89053.99855085106,1.7646394988194436E12,5.4794469304497925E10,2025030516
2025-03-05 17:04:55.249000,88337.21345459952,1.758011744801255E12,6.018795534195861E10,2025030517
2025-03-05 18:04:39.969000,89190.8514508287,1.757102715071332E12,6.154790574566404E10,2025030518
2025-03-05 19:08:45.387000,89693.88203144133,1.7728255132807017E12,5.7405038359247635E10,2025030519
2025-03-05 20:04:51.192000,89762.80824021908,1.776226914017209E12,5.716532021983549E10,2025030520
2025-03-05 21:04:49.214000,89840.50983422284,1.7824217783612905E12,5.107060193967914E10,2025030521
2025-03-05 22:04:42.924000,90363.81178680262,1.7943117527514841E12,5.413612782242089E10,2025030522
2025-03-05 23:09:34.888000,90315.43269286388,1.7925411683440334E12,5.186504079019625E10,2025030523
2025-03-06 00:03:30.643000,90503.36669781877,1.7941531424753542E12,5.174272863656275E10,2025030600
2025-03-06 01:09:15.277000,90746.37808455544,1.799831157299499E12,5.17922241286096E10,2025030601
2025-03-06 02:07:27.861000,90173.67851810707,1.788642755969027E12,5.050857578333527E10,2025030602
2025-03-06 03:08:58.379000,91565.19124357773,1.80736117631653E12,5.219824936337467E10,2025030603
2025-03-06 04:06:46.257000,91833.40344858613,1.8232309057792124E12,4.686133134952848E10,2025030604
2025-03-06 05:03:45.636000,91778.32417365785,1.8160451754631575E12,4.917703004421839E10,2025030605
2025-03-06 06:04:33.957000,92300.44149363266,1.8321681193284634E12,4.7633856078249115E10,2025030606
2025-03-06 08:04:29.884000,91906.28728287248,1.824453752606309E12,5.1925651488235214E10,2025030608
2025-03-06 09:04:57.205000,91331.32236389222,1.810583891610171E12,4.3958051045742386E10,2025030609
2025-03-06 10:04:41.899000,91202.75078154197,1.8103112403918452E12,5.427783420509184E10,2025030610
2025-03-06 11:01:39.106000,90733.51714965983,1.7992487728076487E12,4.376669529427222E10,2025030611
2025-03-06 12:08:33.421000,91044.06230513072,1.8056876956973572E12,5.211148453123207E10,2025030612
2025-03-06 13:02:29.709000,91336.03520982015,1.8108293631246833E12,5.0705193326386314E10,2025030613
2025-03-06 14:05:14.115000,90211.93247418404,1.7887404663154622E12,4.979587972819815E10,2025030614
2025-03-06 15:04:25.290000,89582.37084959116,1.7817545827077737E12,4.88696329836031E10,2025030615
2025-03-06 16:04:54.100000,89907.2491350427,1.781716054156034E12,4.8301814632226944E10,2025030616
2025-03-06 17:09:58.971000,90975.81551374556,1.8021885903111367E12,4.709420278446353E10,2025030617
2025-03-06 18:09:37.465000,88376.11449099529,1.7612899042213906E12,4.603095763849938E10,2025030618
2025-03-06 19:09:45.210000,88647.72782696952,1.7593669049535957E12,4.007929056847492E10,2025030619
2025-03-06 20:04:57.636000,88396.31309600835,1.7548125545939468E12,4.65198707140301E10,2025030620
2025-03-06 21:04:52.643000,89057.38701611568,1.771499571198773E12,4.691967796990095E10,2025030621
2025-03-06 22:04:51.470000,89144.13673375164,1.769227045806434E12,4.329957169275057E10,2025030622
2025-03-06 23:03:41.873000,89469.52920050574,1.775588184990663E12,3.640369119221701E10,2025030623
2025-03-07 00:09:42.954000,90450.752622387,1.7906388394158406E12,4.408308260113379E10,2025030700
2025-03-07 01:04:45.916000,89924.21242214506,1.7834901953394204E12,4.908740845531045E10,2025030701
2025-03-07 02:04:38.655000,85590.46644276992,1.693961769430976E12,5.094585393872636E10,2025030702
2025-03-07 03:04:53.352000,88065.84191323837,1.7441329101236284E12,5.945538273129164E10,2025030703
2025-03-07 04:03:51.158000,87271.80248912342,1.7317430476723867E12,5.867615494222805E10,2025030704
2025-03-07 05:09:13.683000,87042.73344323806,1.7244822215913972E12,5.749171463291844E10,2025030705
2025-03-07 06:04:51.520000,87679.70424451,1.739651353704835E12,5.9566696173142204E10,2025030706
2025-03-07 07:04:47.877000,88258.51066032593,1.7515714361096116E12,5.793156140784056E10,2025030707
2025-03-07 08:05:31.022000,88314.21615036289,1.7508655684501973E12,5.97206331099638E10,2025030708
2025-03-07 09:04:52.441000,88320.92622329212,1.7516992238642473E12,6.0541137865366905E10,2025030709
2025-03-07 10:04:51.273000,88405.65836333216,1.7510446653795715E12,6.0849218235053764E10,2025030710
2025-03-07 11:03:16.463000,88924.81213521794,1.7643700320985786E12,6.022655500224265E10,2025030711
2025-03-07 12:09:01.052000,89111.65620602341,1.769100087583968E12,6.022665345519818E10,2025030712
2025-03-07 13:04:28.809000,88902.02000740796,1.7633525679790508E12,5.991198567991203E10,2025030713
2025-03-07 14:04:45.729000,89125.67845016974,1.7664571221775647E12,5.983546608220887E10,2025030714
2025-03-07 15:04:19.443000,89244.5516035285,1.7748096302593186E12,6.206256598592941E10,2025030715
2025-03-07 16:09:30.238000,90647.79774677548,1.7984023469338271E12,6.0013650573982475E10,2025030716
2025-03-07 17:03:46.811000,88400.14740092268,1.760113687241908E12,6.096715489164588E10,2025030717
2025-03-07 18:04:45.624000,87154.86514264582,1.7281848371392383E12,6.398862283311931E10,2025030718
2025-03-07 19:09:34.770000,88141.8174666587,1.7448620542578357E12,6.450975035137044E10,2025030719
2025-03-07 20:04:49.766000,88541.86793090396,1.756791904611083E12,6.676060256362371E10,2025030720
2025-03-07 21:04:35.701000,87732.0584170869,1.7397610211181597E12,6.226844649437211E10,2025030721
2025-03-07 22:04:50.673000,87087.52556159606,1.7281177464184238E12,6.83643729993204E10,2025030722
2025-03-07 23:07:52.114000,86074.17176417045,1.7050852292503232E12,6.935633696563359E10,2025030723
2025-03-08 00:05:40.479000,86744.24445440294,1.721000656346249E12,6.10768888661753E10,2025030800
2025-03-08 01:05:14.713000,86719.52967663977,1.7200299236847087E12,6.265366392444229E10,2025030801
2025-03-08 02:05:21.368000,86828.25763790608,1.7224117033080679E12,5.613803154980615E10,2025030802
2025-03-08 03:05:41.100000,85996.318846237,1.7022346843314768E12,5.494405244371158E10,2025030803
2025-03-08 04:08:01.201000,86033.33085080402,1.7077627729682812E12,5.581644704718446E10,2025030804
2025-03-08 05:00:31.701000,85923.7255070287,1.7054655918276409E12,5.4408916906450745E10,2025030805
2025-03-08 06:04:42.108000,86429.28703776673,1.7137769863468425E12,5.2345938597614426E10,2025030806
2025-03-08 07:04:54.087000,86272.32934188849,1.7109901217816404E12,4.59356820644375E10,2025030807
2025-03-08 08:04:57.243000,86446.61234844815,1.71375681893673E12,5.2712511116173225E10,2025030808
2025-03-08 09:04:51.873000,86159.46358384956,1.710145190102257E12,5.246610658261178E10,2025030809
2025-03-08 10:05:03.808000,86086.71730752365,1.7069935450740007E12,5.151590718367715E10,2025030810
2025-03-08 11:04:45.239000,85917.18104453273,1.703310426036519E12,4.1888123825215355E10,2025030811
2025-03-08 12:04:17.792000,86117.70061095654,1.7073719095371763E12,5.013414560169014E10,2025030812
2025-03-08 13:04:04.970000,85921.73893775303,1.703451070368792E12,4.8146807544987526E10,2025030813
2025-03-08 14:04:51.717000,86191.79335973802,1.7110579477238625E12,4.9191426182351585E10,2025030814
2025-03-08 15:09:33.538000,86367.34063862744,1.7120736338625967E12,4.616096530982275E10,2025030815
2025-03-08 16:04:45.879000,86321.57388571232,1.7115575347171997E12,4.349528287345695E10,2025030816
2025-03-08 17:09:48.789000,86336.38588461682,1.7137895836806643E12,3.654291302877803E10,2025030817
2025-03-08 18:03:52.315000,86100.88808714508,1.7082795835028772E12,3.4265793160388557E10,2025030818
2025-03-08 19:05:28.054000,85960.72871801039,1.704649788761598E12,3.1348091462820206E10,2025030819
2025-03-08 20:03:35.924000,86012.24203443361,1.705950555451444E12,2.360319628730605E10,2025030820
2025-03-08 21:09:52.114000,86275.61641153895,1.7103140655925117E12,2.560596124354775E10,2025030821
2025-03-08 22:09:47.105000,86250.70845899022,1.7107808680391497E12,1.9759871729117058E10,2025030822
2025-03-08 23:09:49.671000,86212.46281249195,1.7100310054019963E12,1.4531775688323904E10,2025030823
2025-03-09 00:09:58.589000,86295.78124249187,1.712865264454124E12,1.8898687953212597E10,2025030900
2025-03-09 01:04:52.375000,86173.28335601451,1.7087488709767776E12,1.6274034837384953E10,2025030901
2025-03-09 02:08:18.782000,86482.71540062728,1.7137060063960532E12,1.7883284176690697E10,2025030902
2025-03-09 03:05:33.990000,86209.52375647992,1.709176326144998E12,1.6491334245449852E10,2025030903
2025-03-09 04:08:45.440000,85961.58647248213,1.7056106921011838E12,1.5391398327481052E10,2025030904
2025-03-09 05:09:32.795000,86047.49036384479,1.706580600162539E12,1.430903928219877E10,2025030905
2025-03-09 06:04:50.869000,86040.18356410651,1.7072416521179148E12,1.479226271401143E10,2025030906
2025-03-09 07:04:50.680000,86000.70936885416,1.705741403640008E12,1.3260500221936295E10,2025030907
2025-03-09 08:08:53.886000,85920.96629797174,1.7029954023805486E12,1.447094898079645E10,2025030908
2025-03-09 09:04:59.072000,85977.0787526352,1.7049828615718396E12,1.4466138098244398E10,2025030909
2025-03-09 10:02:08.911000,85799.05874600667,1.7017649179770854E12,1.4245480442739183E10,2025030910
2025-03-09 11:04:34.285000,85560.22495548673,1.6981831129431917E12,1.4705113476813753E10,2025030911
2025-03-09 12:04:51.262000,84910.69583247308,1.682126116345073E12,1.2882119860711767E10,2025030912
2025-03-09 13:03:21.493000,85036.72284003632,1.685309255973485E12,1.5738426352572817E10,2025030913
2025-03-09 14:09:49.477000,84685.97978656797,1.679620171123259E12,1.6412388801123829E10,2025030914
2025-03-09 15:09:38.579000,83332.0655384259,1.659837325954614E12,1.7140344449946768E10,2025030915
2025-03-09 16:09:53.965000,83574.5108562199,1.6612006444526824E12,1.8680912408534866E10,2025030916
2025-03-09 17:02:27.130000,83052.85746851926,1.6473674526044727E12,1.6703618878574768E10,2025030917
2025-03-09 18:04:47.921000,82556.83567815712,1.6340639579311772E12,2.0855568526423393E10,2025030918
2025-03-09 19:09:32.873000,82584.92274538855,1.6337554715797556E12,2.2687296341169598E10,2025030919
2025-03-09 20:07:08.861000,82470.08205523597,1.6379582721406055E12,2.4468139849257023E10,2025030920
2025-03-09 21:04:48.983000,82654.8713552498,1.6371031809055845E12,2.5268133573750854E10,2025030921
2025-03-09 22:04:49.758000,83065.63858118771,1.6449223413145542E12,2.5948485652791164E10,2025030922
2025-03-09 23:01:57.639000,81876.58012977014,1.6239098103005576E12,2.7355680037257572E10,2025030923
2025-03-10 00:09:24.782000,80182.87188781645,1.5953928961438347E12,2.7325944895641483E10,2025031000
2025-03-10 01:05:56.716000,80674.95605846473,1.5988308053257644E12,3.0215020198266373E10,2025031001
2025-03-10 02:04:52.018000,81296.78489902265,1.6121096383487834E12,3.1118171095402702E10,2025031002
2025-03-10 03:08:18.322000,81585.60219948366,1.6177999200172156E12,3.634889942111769E10,2025031003
2025-03-10 04:04:30.203000,82153.9633762446,1.6318747136707876E12,3.731299425275005E10,2025031004
2025-03-10 05:09:43.365000,82275.77503867827,1.6319182732663381E12,3.904313402319929E10,2025031005
2025-03-10 06:01:11.568000,82594.63758054533,1.6373009577548977E12,3.907857384242203E10,2025031006
2025-03-10 07:03:14.886000,82318.71368767633,1.6330357514392087E12,3.927321999218651E10,2025031007
2025-03-10 08:04:37.855000,82358.2750533279,1.6342213954234275E12,3.721177161997821E10,2025031008
2025-03-10 09:04:56.102000,82343.42704338364,1.6323112958053704E12,4.0472854457761986E10,2025031009
2025-03-10 10:02:41.882000,81313.3266600055,1.6121886956207915E12,3.930617661257209E10,2025031010
2025-03-10 11:09:44.132000,82487.28911920935,1.636576819923021E12,4.075307803213382E10,2025031011
2025-03-10 12:09:46.110000,82429.6316250025,1.6357876133296687E12,3.9448653776391304E10,2025031012
2025-03-10 13:06:03.868000,83620.17030648564,1.6598167480710522E12,4.3524802986576065E10,2025031013
2025-03-10 14:04:51.946000,83263.6093863294,1.6514264062388325E12,4.159563451679688E10,2025031014
2025-03-10 15:08:27.016000,80589.75308067302,1.6153517457050684E12,4.761267156156004E10,2025031015
2025-03-10 16:05:44.084000,79367.30394685987,1.574270360366558E12,4.8134580523782875E10,2025031016
2025-03-10 17:04:50.724000,80035.9520312988,1.5925507310046985E12,5.070123320436553E10,2025031017
2025-03-10 18:04:48.287000,79195.70533532878,1.5704029965005483E12,4.777463460888061E10,2025031018
2025-03-10 19:01:39.725000,78538.34915812933,1.5528470768125188E12,5.312831368670479E10,2025031019
2025-03-10 20:04:45.249000,77494.5999450215,1.557565270770823E12,5.403407746656035E10,2025031020
2025-03-10 21:08:52.201000,78880.11223709627,1.5613582564914446E12,5.700362200505825E10,2025031021
2025-03-10 22:04:43.016000,79366.4867385192,1.5796186974103643E12,5.722963375539629E10,2025031022
2025-03-10 23:06:13.338000,79473.53229603526,1.575125458057242E12,5.893114392108885E10,2025031023
2025-03-11 00:04:37.499000,79505.93316264477,1.5804926218220017E12,5.819026736577554E10,2025031100
2025-03-11 01:04:46.566000,78537.05805794513,1.5625200273592979E12,5.645626168639293E10,2025031101
2025-03-11 02:05:36.450000,77186.92631492284,1.5580778980842305E12,5.298920571643158E10,2025031102
2025-03-11 03:03:36.428000,79080.26510244102,1.5659118985163586E12,5.969637276466558E10,2025031103
2025-03-11 04:09:44.099000,79348.17308679354,1.5747894697326104E12,5.8302944523954895E10,2025031104
2025-03-11 05:04:52.436000,79475.39891601757,1.5785064944122424E12,6.026080217227767E10,2025031105
2025-03-11 06:02:02.474000,79779.07033567471,1.5835415636482844E12,6.059089594502616E10,2025031106
2025-03-11 07:05:25.747000,80271.29118843551,1.592160440655731E12,5.559865848482086E10,2025031107
2025-03-11 08:09:54.603000,80305.86988849436,1.591699226429506E12,6.066102152727272E10,2025031108
2025-03-11 09:09:53.415000,80428.12261085547,1.5941520472025403E12,6.137397781644833E10,2025031109
2025-03-11 10:04:24.174000,81207.40156455616,1.609188187417937E12,6.291610403744204E10,2025031110
2025-03-11 11:01:11.265000,81494.18849077556,1.6182374641307434E12,5.8380569868477455E10,2025031111
2025-03-11 12:01:27.631000,81788.49157040409,1.6214980082504285E12,6.172666678913417E10,2025031112
2025-03-11 13:09:48.503000,81525.57519757233,1.620495623079486E12,6.124987238051666E10,2025031113
2025-03-11 14:03:06.137000,81136.77348524275,1.620495623079486E12,5.786993012909117E10,2025031114
2025-03-11 15:04:45.337000,80881.78302235727,1.604342120926188E12,5.826410061850261E10,2025031115
2025-03-11 16:04:56.277000,79828.50693030546,1.5836248890195435E12,5.693995111118562E10,2025031116
2025-03-11 17:02:41.900000,81232.56177617155,1.6171361552788406E12,6.364856982958226E10,2025031117
2025-03-11 18:02:28.324000,81217.85170939227,1.6149836961252224E12,6.309082235789643E10,2025031118
2025-03-11 19:04:57.732000,81336.13046672981,1.6119679781140322E12,6.133824441239345E10,2025031119
2025-03-11 20:08:34.019000,83185.92996285958,1.6119679781140322E12,5.896232426225423E10,2025031120
2025-03-11 21:09:46.071000,83019.95454728934,1.6463578254387378E12,5.727661452232379E10,2025031121
2025-03-11 22:04:52.582000,82804.22144356178,1.6426982807541138E12,5.4617591123309944E10,2025031122
2025-03-11 23:05:27.043000,83196.76104395698,1.6478278526795188E12,5.763995437151776E10,2025031123
2025-03-12 00:01:23.248000,83157.48605838082,1.649912057361183E12,5.699139625473114E10,2025031200
2025-03-12 01:09:44.594000,82753.77759522418,1.643023053437441E12,5.631661663457754E10,2025031201
2025-03-12 02:05:45.444000,82751.87792950893,1.643023053437441E12,5.2449578634893814E10,2025031202
2025-03-12 03:04:57.366000,83297.33630586542,1.6539260406658442E12,5.104556310066663E10,2025031203
2025-03-12 04:09:41.580000,82338.26682572266,1.633187893020512E12,4.976455004280338E10,2025031204
2025-03-12 05:09:31.727000,81766.78389449522,1.6282130186046028E12,5.015691129657301E10,2025031205
2025-03-12 06:03:24.218000,81754.1245019308,1.62271050158994E12,4.371560295105303E10,2025031206
2025-03-12 07:04:51.939000,81962.70572429236,1.6256308004062834E12,4.690870466695959E10,2025031207
2025-03-12 08:09:58.117000,81450.3753315832,1.623779253097341E12,4.275687958921258E10,2025031208
2025-03-12 09:06:39.156000,82626.00983988849,1.6358480469992983E12,5.0092296685358696E10,2025031209
2025-03-12 10:09:48.883000,82867.53648272774,1.6439873689489685E12,5.0115284394732216E10,2025031210
2025-03-12 11:07:52.316000,82561.32217876334,1.637780359843864E12,4.930292099215834E10,2025031211
2025-03-12 12:01:37.287000,82486.2091764555,1.6363556389692954E12,4.061978055350552E10,2025031212
2025-03-12 13:04:12.948000,83005.6112865534,1.6452765378453176E12,4.6269437747597374E10,2025031213
2025-03-12 14:09:41.796000,83969.50401830622,1.646995380806993E12,4.5979407008141594E10,2025031214
2025-03-12 15:04:52.821000,82566.35571707349,1.641287380096985E12,4.955002697762093E10,2025031215
2025-03-12 16:10:02.168000,80869.73779222043,1.6084114970139143E12,4.465796544445162E10,2025031216
2025-03-12 17:10:14.350000,81943.80956736875,1.6210246050777349E12,4.466508935367604E10,2025031217
2025-03-12 18:09:58.794000,82134.7668472382,1.626680227250319E12,4.114378361314508E10,2025031218
2025-03-12 19:00:35.175000,81756.64455396934,1.626717766706342E12,4.5047543676659676E10,2025031219
2025-03-12 20:14:50.099000,82749.3005623581,1.622092473377789E12,4.3102947974477486E10,2025031220
2025-03-12 21:09:42.888000,82714.73111902464,1.642896808511188E12,4.214189299665534E10,2025031221
2025-03-12 22:00:07.721000,83030.39791191753,1.6469898935856233E12,4.001262368425763E10,2025031222
2025-03-12 23:00:44.905000,83052.15476723097,1.6452157391094312E12,4.160424714776983E10,2025031223
2025-03-13 00:02:11.954000,83667.40552069119,1.6598189006933718E12,3.789127114281455E10,2025031300
2025-03-13 01:01:31.524000,83678.46552437067,1.6617363693898845E12,4.172075521184819E10,2025031301
2025-03-13 02:03:17.916000,83447.21124752637,1.6595641451915571E12,3.851176618280463E10,2025031302
2025-03-13 03:04:56.825000,83939.38948062022,1.6657488386080425E12,3.990406525555904E10,2025031303
2025-03-13 04:00:03.565000,83863.46234378686,1.6649882772376926E12,4.0354834259168594E10,2025031304
2025-03-13 05:09:46.970000,83615.50444912049,1.6579951821986792E12,3.977153112478344E10,2025031305
2025-03-13 06:09:42.837000,83394.01020328267,1.652006239837768E12,3.780664502261793E10,2025031306
2025-03-13 07:04:57.261000,83164.68423944434,1.6488716811667212E12,3.7526940740052216E10,2025031307
2025-03-13 08:09:58.822000,83325.27644551267,1.6494393711041658E12,3.2383187544358646E10,2025031308
2025-03-13 09:04:36.894000,83215.88772029582,1.6522822942812935E12,3.897484963901932E10,2025031309
2025-03-13 10:01:52.512000,83033.68182451143,1.6466030685247695E12,3.799115651630935E10,2025031310
2025-03-13 11:04:54.165000,83436.61690895562,1.6531630673114775E12,3.62515852057888E10,2025031311
2025-03-13 12:06:27.741000,83144.63136911465,1.6501184833554956E12,3.723902106955934E10,2025031312
2025-03-13 13:04:57.523000,82952.69797861924,1.6449715452276333E12,3.697703499086393E10,2025031313
2025-03-13 14:03:19.493000,82434.36146393258,1.6449715452276333E12,3.5209031627796616E10,2025031314
2025-03-13 15:01:46.586000,81656.03101584468,1.6217547332042432E12,2.9879689382614597E10,2025031315
2025-03-13 16:08:53.332000,81825.63712399587,1.6261684798541836E12,3.2632792605714367E10,2025031316
2025-03-13 17:04:47.145000,81014.47157692818,1.6060458933760955E12,2.5728381239478886E10,2025031317
2025-03-13 18:12:15.955000,80684.14399248677,1.598743961719883E12,3.0956721260595917E10,2025031318
2025-03-13 19:09:57.127000,80383.07163334191,1.5875559126402444E12,3.1992772242193542E10,2025031319
2025-03-13 20:03:35.222000,80796.81759111806,1.5875559126402444E12,3.1851684838136456E10,2025031320
2025-03-13 21:04:59.379000,80217.83930689494,1.5942735939937815E12,3.290313470275841E10,2025031321
2025-03-13 22:09:56.452000,80339.66102446825,1.5931308050563057E12,3.068353569468577E10,2025031322
2025-03-13 23:05:14.752000,80647.62378166379,1.6002612999654192E12,3.307849204443687E10,2025031323
2025-03-14 00:17:54.208000,81318.85219010353,1.6130573795971025E12,3.2205867368038174E10,2025031400
2025-03-14 01:14:42.006000,80857.26701703468,1.606733177583642E12,3.284473324247362E10,2025031401
2025-03-14 02:01:12.907000,81572.1907424432,1.606733177583642E12,3.0691575217260548E10,2025031402
2025-03-14 03:09:42.635000,81700.5458810393,1.6182415616757285E12,3.1994367176102154E10,2025031403
2025-03-14 04:09:41.695000,82029.29376942904,1.6286922554094084E12,3.1404589554246323E10,2025031404
2025-03-14 05:01:42.009000,81814.60028807537,1.622167060299462E12,3.153789478755958E10,2025031405
2025-03-14 06:00:30.032000,81929.68374665309,1.625196300514582E12,2.8144553411901085E10,2025031406
2025-03-14 07:09:47.673000,82109.20290001745,1.6301737271739507E12,3.043856241184445E10,2025031407
2025-03-14 08:08:51.504000,81961.84041200494,1.6256708426347375E12,2.9964249674103806E10,2025031408
2025-03-14 09:06:41.610000,82293.4314146896,1.6299872722871536E12,3.0508061539545284E10,2025031409
2025-03-14 10:04:10.784000,82591.2804864649,1.6381493710447756E12,2.726967041890295E10,2025031410
2025-03-14 11:03:30.150000,82765.49277586125,1.6426695113700317E12,3.01569420819926E10,2025031411
2025-03-14 12:05:36.747000,83032.3513594644,1.6479462818049944E12,2.8185901449612354E10,2025031412
2025-03-14 13:04:53.658000,83285.94816925052,1.651861466054926E12,3.036467592434654E10,2025031413
2025-03-14 14:04:45.028000,83412.0919014835,1.6514388605677104E12,2.973470622769059E10,2025031414
2025-03-14 15:02:04.791000,83596.51735562595,1.658383462811714E12,2.943527825618218E10,2025031415
2025-03-14 16:04:31.069000,83264.95867344199,1.652204630951115E12,2.9137757121861244E10,2025031416
2025-03-14 17:08:45.726000,84727.83488216766,1.6835732412718499E12,3.2601036256844658E10,2025031417
2025-03-14 18:10:37.259000,84622.75627876476,1.6812683638830613E12,3.270603468663875E10,2025031418
2025-03-14 19:08:53.081000,84553.36384711522,1.6738229008439272E12,3.194165841373037E10,2025031419
2025-03-14 20:01:21.868000,84565.22545311949,1.6738229008439272E12,2.8898519366379787E10,2025031420
2025-03-14 21:04:44.117000,84536.46356442082,1.6763508230655913E12,3.0484124511981735E10,2025031421
2025-03-14 22:09:43.239000,84131.61719559043,1.6697700593477715E12,3.017397474634349E10,2025031422
2025-03-14 23:05:39.281000,84207.15781003753,1.670433551161618E12,3.0022103065737347E10,2025031423
2025-03-15 00:10:11.528000,84346.89648742026,1.674235591090534E12,3.0369963013171387E10,2025031500
2025-03-15 01:03:07.120000,83955.00378884435,1.6655600626725334E12,2.7119771397538395E10,2025031501
2025-03-15 02:04:56.647000,84316.41004792161,1.6678485997365889E12,2.6774521812918533E10,2025031502
2025-03-15 03:04:51.660000,84378.94751072212,1.6738437052263733E12,2.9675799066994473E10,2025031503
2025-03-15 04:09:40.158000,84505.5781189017,1.6765655640744595E12,2.8792840991786884E10,2025031504
2025-03-15 05:02:54.927000,84476.52475723809,1.6754504838112417E12,2.624207339489059E10,2025031505
2025-03-15 06:07:20.634000,84381.74557966145,1.6744909122868865E12,2.8903527583628666E10,2025031506
2025-03-15 07:04:14.908000,84314.86749685973,1.6728741573065947E12,2.836921902297462E10,2025031507
2025-03-15 08:04:53.862000,84170.28914764302,1.6722162641299917E12,2.8786997704097115E10,2025031508
2025-03-15 09:09:47.702000,83863.26278107218,1.6635526003721309E12,2.2859466796415012E10,2025031509
2025-03-15 10:00:28.305000,83953.64902106512,1.665485631217547E12,2.6926489264343285E10,2025031510
2025-03-15 11:09:56.545000,83931.86372679561,1.6652925690629424E12,2.6672608241977066E10,2025031511
2025-03-15 12:04:59.472000,83924.71665747926,1.6646299903490737E12,2.5867433070861675E10,2025031512
2025-03-15 13:04:55.566000,84077.984480905,1.6690073592408838E12,2.7591446338786438E10,2025031513
2025-03-15 14:05:02.074000,84133.58364594172,1.6690073592408838E12,2.5173959905068546E10,2025031514
2025-03-15 15:04:52.340000,84397.93103623143,1.6752812798972112E12,1.8179422852540733E10,2025031515
2025-03-15 16:03:13.955000,84141.80648875001,1.6707866475572832E12,2.4209420246310966E10,2025031516
2025-03-15 17:11:31.681000,84282.5733553542,1.6725755313601194E12,1.974418802286745E10,2025031517
2025-03-15 18:04:00.332000,84351.03100749975,1.6732922160397612E12,1.6659279255456709E10,2025031518
2025-03-15 19:09:25.080000,84450.69621702406,1.674603836863477E12,1.6984983685599894E10,2025031519
2025-03-15 20:09:50.983000,84173.30840256019,1.674603836863477E12,1.6418330860511461E10,2025031520
2025-03-15 21:04:57.504000,84295.2224544024,1.6719584631372632E12,1.106531291227951E10,2025031521
2025-03-15 22:02:18.200000,84369.37930960456,1.6735602763831367E12,1.3331740190379087E10,2025031522
2025-03-15 23:04:59.786000,84374.89491697127,1.6748327455604924E12,1.4528954524659504E10,2025031523
2025-03-16 00:09:39.407000,84358.9159883021,1.6736469196234114E12,1.2972595922421322E10,2025031600
2025-03-16 01:08:46.119000,84354.47191448158,1.6738290743800486E12,1.2705231846716425E10,2025031601
2025-03-16 02:04:44.371000,84244.23238441288,1.6738290743800486E12,1.3492951467967623E10,2025031602
2025-03-16 03:02:06.515000,83899.48633774147,1.664227825778955E12,1.2856923441967043E10,2025031603
2025-03-16 04:02:06.534000,83955.58636192667,1.6667803940384402E12,1.3601873441803398E10,2025031604
2025-03-16 05:04:52.346000,84323.27268421142,1.6708053973231792E12,1.3388797504830301E10,2025031605
2025-03-16 06:04:55.469000,84418.91164824746,1.6731232622336238E12,1.3183270658585733E10,2025031606
2025-03-16 07:04:54.666000,84356.03663149933,1.6730429192605303E12,1.317039243634612E10,2025031607
2025-03-16 08:06:12.598000,84219.52762087784,1.6738078870119382E12,1.244477137103758E10,2025031608
2025-03-16 09:04:51.494000,84278.08716723607,1.671989577554914E12,1.0783008598615726E10,2025031609
2025-03-16 10:07:28.503000,84223.87397209837,1.6708829395867952E12,1.1987469678829721E10,2025031610
2025-03-16 11:04:59.794000,83875.92487677633,1.664367018401794E12,1.082965459577627E10,2025031611
2025-03-16 12:09:59.680000,83404.4666080581,1.6547072438554624E12,1.2121542180028017E10,2025031612
2025-03-16 13:04:54.861000,82420.98968021553,1.6355589850637285E12,1.2875618655547762E10,2025031613
2025-03-16 14:08:03.310000,82904.91793465686,1.6353110237150254E12,1.3851651444960236E10,2025031614
2025-03-16 15:09:41.610000,82891.18824385572,1.6395687357711873E12,1.3480713786341652E10,2025031615
2025-03-16 16:03:58.489000,83368.7697151249,1.6537799541580417E12,1.4567492767953434E10,2025031616
2025-03-16 17:03:49.887000,83327.41736609103,1.6540447740352227E12,1.4782524315520037E10,2025031617
2025-03-16 18:10:45.596000,83963.75617065372,1.6625829404634248E12,1.768520511531107E10,2025031618
2025-03-16 19:09:56.347000,83850.26919968214,1.665041349433205E12,1.8096767197734604E10,2025031619
2025-03-16 20:11:05.959000,83673.10408191198,1.665041349433205E12,1.7671536978509552E10,2025031620
2025-03-16 21:09:45.562000,83257.2524364498,1.6502505797843699E12,1.9568002942424572E10,2025031621
2025-03-16 22:09:52.499000,83054.93850488712,1.6472102009545461E12,1.9920591555355083E10,2025031622
2025-03-16 23:04:49.388000,82743.13181426356,1.6414406246442842E12,1.980865724013956E10,2025031623
2025-03-17 00:04:36.763000,82077.84518119802,1.6301678393489658E12,2.0945977227046154E10,2025031700
2025-03-17 01:09:48.565000,82617.7331241566,1.6387376515551702E12,2.1877544080929176E10,2025031701
2025-03-17 02:09:39.987000,83064.70985538384,1.6387376515551702E12,2.2530942838022583E10,2025031702
2025-03-17 03:04:49.745000,83208.95029801303,1.6521042049499353E12,2.139508963329459E10,2025031703
2025-03-17 04:04:59.644000,83260.16652548696,1.6511975568719058E12,2.28211661974404E10,2025031704
2025-03-17 05:04:51.969000,83712.82326596747,1.660655900116381E12,2.3704778969681656E10,2025031705
2025-03-17 06:08:24.494000,83431.48057163977,1.6549283820367798E12,2.424837451416546E10,2025031706
2025-03-17 07:09:52.918000,83272.61714728127,1.648485428740153E12,2.470576771093197E10,2025031707
2025-03-17 08:07:04.946000,83393.68086720291,1.648485428740153E12,2.537169401588135E10,2025031708
2025-03-17 09:04:55.798000,83528.44238695232,1.6575281989239094E12,2.169296467068874E10,2025031709
2025-03-17 10:09:01.238000,83476.89973804823,1.6564436191459617E12,2.5901365412885525E10,2025031710
2025-03-17 11:05:23.532000,83625.88247117506,1.658719570591489E12,2.646468196155716E10,2025031711
2025-03-17 12:09:49.971000,83284.93030929644,1.65286431307937E12,2.637739920868291E10,2025031712
2025-03-17 13:09:48.018000,83333.77147533474,1.6571410472279456E12,2.5629928222645393E10,2025031713
2025-03-17 14:04:49.787000,83054.86326244925,1.6571410472279456E12,2.2116000257661633E10,2025031714
2025-03-17 15:04:53.348000,82932.58142558922,1.6471197545792239E12,2.3148448508515636E10,2025031715
2025-03-17 16:04:32.566000,82888.72671035347,1.6442095079651384E12,2.651108552381332E10,2025031716
2025-03-17 17:09:48.870000,83583.93818642639,1.656710107693776E12,2.6943548872965168E10,2025031717
2025-03-17 18:04:59.198000,83415.90071838192,1.6553766036850264E12,2.3430389698329144E10,2025031718
2025-03-17 19:00:56.990000,84228.23544937836,1.6697354305241096E12,2.5658515033301575E10,2025031719
2025-03-17 20:09:47.967000,84448.92794202417,1.6729177018032563E12,2.731005328431897E10,2025031720
2025-03-17 21:05:38.530000,84430.83006819447,1.675596200256427E12,2.609374648492529E10,2025031721
2025-03-17 22:09:55.756000,83977.89583491963,1.6664875613019407E12,2.519570927811418E10,2025031722
2025-03-17 23:04:51.757000,84088.43956648538,1.6685159463030237E12,2.6933760221662228E10,2025031723
2025-03-18 00:09:50.509000,83980.78904995437,1.6666307434179995E12,2.4453935389109447E10,2025031800
2025-03-18 01:09:50.724000,83920.30721263391,1.6656239629965786E12,2.540603031038451E10,2025031801
2025-03-18 02:10:18.377000,83877.42295483136,1.6656239629965786E12,2.496318448179632E10,2025031802
2025-03-18 03:04:56.090000,83130.45397201553,1.6483343935876042E12,2.469332339825316E10,2025031803
2025-03-18 04:04:53.586000,83351.13970133282,1.654115647571714E12,2.4817786672629723E10,2025031804
2025-03-18 05:04:43.054000,83100.42286596482,1.648742307097336E12,2.3380519283610775E10,2025031805
2025-03-18 06:05:26.572000,82998.59763474177,1.646004973381647E12,2.419813812540394E10,2025031806
2025-03-18 07:05:34.401000,82988.83415321489,1.6463837799517625E12,2.412485493008559E10,2025031807
2025-03-18 08:04:56.844000,82428.06846517629,1.6463837799517625E12,2.0675051265921352E10,2025031808
2025-03-18 09:09:51.650000,83261.71116076875,1.6498246467559438E12,2.5124364227717854E10,2025031809
2025-03-18 10:09:55.433000,83276.43582703028,1.6515070716315947E12,2.407478171429111E10,2025031810
2025-03-18 11:08:11.714000,82922.10615223943,1.644576895323773E12,2.5120390042723526E10,2025031811
2025-03-18 12:01:52.388000,82787.295493254,1.6416536230887156E12,2.463434259165418E10,2025031812
2025-03-18 13:00:27.284000,82545.12487759089,1.6373449091191125E12,2.2028190672979668E10,2025031813
2025-03-18 14:04:29.694000,82384.51632667694,1.638967058222329E12,2.299235266092518E10,2025031814
2025-03-18 15:00:58.454000,81259.85862657995,1.611138153862041E12,2.369926080343509E10,2025031815
2025-03-18 16:09:29.308000,81632.93965990763,1.6215033525636401E12,2.484767075008072E10,2025031816
2025-03-18 17:03:57.520000,81559.34875411353,1.6191611570570076E12,2.1937457072598576E10,2025031817
2025-03-18 18:09:57.799000,81873.62930637106,1.625204064351956E12,2.23340566023728E10,2025031818
2025-03-18 19:09:33.732000,81380.28829871821,1.6147275792458455E12,2.3894308988031937E10,2025031819
2025-03-18 20:06:12.655000,81839.8881631514,1.6147275792458455E12,1.760319311519384E10,2025031820
2025-03-18 21:04:44.736000,82201.79412495729,1.6341306328152031E12,2.4394194996636242E10,2025031821
2025-03-18 22:09:49.790000,82051.95957857351,1.6273881050187031E12,2.3221256411428757E10,2025031822
2025-03-18 23:04:54.632000,82001.52920368989,1.626804888247587E12,2.3660841746178078E10,2025031823
2025-03-19 00:09:43.793000,82500.92476738001,1.6361634502445188E12,2.381738516465097E10,2025031900
2025-03-19 01:04:44.135000,82780.03048688271,1.642578274105806E12,2.455757026885276E10,2025031901
2025-03-19 02:04:53.381000,83100.88640848425,1.6410548654954958E12,2.5061583047479454E10,2025031902
2025-03-19 03:04:43.475000,82703.69232896074,1.6425079948822207E12,2.4850348828382732E10,2025031903
2025-03-19 04:09:47.349000,82938.50804446227,1.6447035938472737E12,2.4583947266031067E10,2025031904
2025-03-19 05:06:29.964000,83058.47252533144,1.6482571235044487E12,2.489551851504881E10,2025031905
2025-03-19 06:08:41.242000,82996.62990102176,1.646037323989959E12,2.3267734922366863E10,2025031906
2025-03-19 07:09:42.092000,83177.70738079348,1.651490282732821E12,2.200389024244255E10,2025031907
2025-03-19 08:04:37.914000,83171.46725678681,1.651490282732821E12,2.3654362013355713E10,2025031908
2025-03-19 09:04:54.827000,83182.95823272505,1.6499624493107227E12,1.8825325290573246E10,2025031909
2025-03-19 10:07:04.438000,83388.41592982221,1.655273858387589E12,2.131617152679614E10,2025031910
2025-03-19 11:00:39.083000,83531.79129549615,1.657211338610313E12,2.1760289137461716E10,2025031911
2025-03-19 12:05:34.537000,83486.04202178019,1.6566472839049587E12,2.204867133388125E10,2025031912
2025-03-19 13:08:32.064000,83776.84720807298,1.663866425862851E12,2.487932618687394E10,2025031913
2025-03-19 14:01:52.346000,83761.43747882382,1.663866425862851E12,2.5271417114573776E10,2025031914
2025-03-19 15:04:35.249000,84191.81444671717,1.6700480258723596E12,2.341403052762542E10,2025031915
2025-03-19 16:04:47.607000,84218.7779651746,1.671441195494543E12,2.24191415539543E10,2025031916
2025-03-19 17:09:55.991000,84620.39023500234,1.6799439529292769E12,2.563923211921216E10,2025031917
2025-03-19 18:04:50.905000,84590.9687216577,1.6781449580005242E12,2.6029403437764484E10,2025031918
2025-03-19 19:04:48.509000,84258.56237624737,1.6696822705123386E12,2.3654130609912506E10,2025031919
2025-03-19 20:04:45.580000,85888.99366381548,1.6696822705123386E12,2.3970187785044983E10,2025031920
2025-03-19 21:04:50.222000,85452.54273371371,1.6916186286313025E12,3.1666067131128265E10,2025031921
2025-03-19 22:04:33.933000,85343.76599188604,1.6908864161865674E12,3.118528025329358E10,2025031922
2025-03-19 23:04:49.130000,85629.40668023448,1.696513992261873E12,2.840810841999417E10,2025031923
2025-03-20 00:04:53.861000,86185.41143785912,1.7116828578600273E12,3.528751370810233E10,2025032000
2025-03-20 01:04:56.352000,86815.44109470697,1.721565138141278E12,3.3871216993304657E10,2025032001
2025-03-20 02:05:33.760000,86023.02793690139,1.7268117093706262E12,3.7657952378238594E10,2025032002
2025-03-20 03:04:23.058000,85865.46977691361,1.7046234970252627E12,3.738503983494244E10,2025032003
2025-03-20 04:01:13.197000,86081.32251805106,1.70847920401547E12,3.806587535194843E10,2025032004
2025-03-20 05:06:20.572000,85924.85863959961,1.7042239845010798E12,3.7934115796560295E10,2025032005
2025-03-20 06:16:13.222000,85636.4698965906,1.6989665039453213E12,3.6523419889539E10,2025032006
2025-03-20 07:23:30.852000,85894.57540910708,1.7026962696733582E12,3.737056267971329E10,2025032007
2025-03-20 08:04:43.368000,85779.65947424584,1.7026962696733582E12,3.545526003762761E10,2025032008
2025-03-20 09:04:40.385000,85846.60645541982,1.70269398817852E12,3.750403061776805E10,2025032009
2025-03-20 10:09:21.861000,86229.67963508387,1.710516594143749E12,3.795246649131484E10,2025032010
2025-03-20 11:04:56.892000,85882.7039898859,1.7036168734010193E12,3.840512662567551E10,2025032011
2025-03-20 12:09:45.527000,85222.63297451382,1.6905580323639478E12,3.8182250017602806E10,2025032012
2025-03-20 13:09:30.931000,85380.33161914661,1.6947149123518013E12,3.49842436868415E10,2025032013
2025-03-20 14:04:48.987000,85310.96814284839,1.6947149123518013E12,3.72820663640617E10,2025032014
2025-03-20 15:04:38.923000,85504.94400788672,1.694475588654565E12,3.2804167875871655E10,2025032015
2025-03-20 16:07:38.884000,85405.15657351525,1.6943226971191274E12,3.7033963486112366E10,2025032016
2025-03-20 17:04:51.036000,84683.88848622817,1.680053331506578E12,3.579716304333246E10,2025032017
2025-03-20 18:02:37.273000,83735.87324881191,1.6617039390497744E12,3.691241795742944E10,2025032018
2025-03-20 19:04:32.534000,84006.03482067536,1.6696951946907668E12,3.849199646737394E10,2025032019
2025-03-20 20:05:28.951000,84040.25543267331,1.6679665032912627E12,3.4851360781284386E10,2025032020
2025-03-20 21:01:53.316000,84134.39141427614,1.6712727755715288E12,3.2338096572124634E10,2025032021
2025-03-20 22:07:32.669000,84531.19085429756,1.6770941255718171E12,2.942407411738823E10,2025032022
2025-03-20 23:04:48.566000,84309.65715170768,1.672661453358495E12,2.4442168397204414E10,2025032023
2025-03-21 00:04:57.112000,84087.18295443771,1.6685636592403408E12,2.621215127936154E10,2025032100
2025-03-21 01:07:16.021000,84326.23460828917,1.6707924499390652E12,2.907430190164253E10,2025032101
2025-03-21 02:04:55.872000,84473.8179802995,1.6749907494400823E12,2.5528849965027836E10,2025032102
2025-03-21 03:04:51.821000,84743.39249862774,1.6749907494400823E12,2.4649378617677856E10,2025032103
2025-03-21 04:04:06.012000,84634.46695960859,1.6791197258356038E12,2.6305893030713013E10,2025032104
2025-03-21 05:04:55.452000,84474.66633967978,1.675949334590022E12,2.118736570713271E10,2025032105
2025-03-21 06:03:49.726000,84630.85046766164,1.679583071958224E12,2.5832190316857716E10,2025032106
2025-03-21 07:04:41.835000,84437.76675727686,1.6735050193589233E12,2.343350966258122E10,2025032107
2025-03-21 08:06:31.572000,84179.23584511163,1.669291687492811E12,2.4976598677522617E10,2025032108
2025-03-21 09:02:16.823000,83881.93676879247,1.6641986138887217E12,2.149267358827407E10,2025032109
2025-03-21 10:04:56.072000,83989.60535436933,1.6657360935172964E12,2.385473733951809E10,2025032110
2025-03-21 11:01:33.900000,84094.71763124721,1.667561668672912E12,2.2673140189179096E10,2025032111
2025-03-21 12:01:11.378000,84153.42484945175,1.6695847415478948E12,2.002938548056109E10,2025032112
2025-03-21 13:09:27.011000,84090.37418372162,1.66661207337586E12,2.4089178525739376E10,2025032113
2025-03-21 14:09:28.668000,83378.30606761425,1.6532419430735032E12,2.2232109834804947E10,2025032114
2025-03-21 15:04:33.272000,83962.6562833777,1.6644232404652524E12,2.2276056949216503E10,2025032115
2025-03-21 16:09:49.697000,84086.27070181312,1.6693041062982278E12,2.3655329813772423E10,2025032116
2025-03-21 17:09:48.273000,83441.73355131772,1.6553260063096172E12,2.179654084181103E10,2025032117
2025-03-21 18:04:59.819000,84061.42075215005,1.6681077005017776E12,2.04528767106468E10,2025032118
2025-03-21 19:04:40.575000,83979.4455154189,1.6661471602602302E12,1.920667485665841E10,2025032119
2025-03-21 20:09:35.355000,83969.07347934862,1.6659129811296396E12,1.9091601400656483E10,2025032120
2025-03-21 21:04:40.747000,83956.06190164157,1.6657425615731663E12,1.5022867810873013E10,2025032121
2025-03-21 22:04:52.393000,84195.35014198667,1.6703547357931653E12,1.863602008181139E10,2025032122
2025-03-21 23:04:50.392000,84331.08912652876,1.6721772897581426E12,1.839932194140538E10,2025032123
2025-03-22 00:01:17.806000,84143.3705534662,1.6694525808547131E12,1.5889602790965174E10,2025032200
